season,Date,home,away,hg,ag,venue,net_gap,OddHome,OddDraw,OddAway,MaxHome,MaxDraw,MaxAway,Odd_pH_pow
2015,2014-08-31,Toluca,Veracruz,2,1,Estadio Nemesio Díez,2662.0,1.64,3.53,5.33,1.7,4.0,7.24,0.5840324688288888
2015,2015-04-26,Toluca,Tijuana,2,0,Estadio Nemesio Díez,2511.0,1.99,3.33,3.65,2.1,3.6,4.08,0.47715269548586053
2016,2015-09-29,Toluca,Tijuana,4,1,Estadio Nemesio Díez,2511.0,1.68,3.67,4.79,1.75,4.07,5.3,0.5707839505590272
2016,2016-03-13,Toluca,Sinaloa,3,0,Estadio Nemesio Díez,2639.0,1.49,4.14,6.2,1.67,4.65,7.5,0.6484675732694364
2016,2016-04-16,Toluca,Veracruz,4,2,Estadio Nemesio Díez,2662.0,1.63,3.79,5.05,1.71,4.06,5.75,0.5896175686425001
2017,2016-10-30,Toluca,Tijuana,0,1,Estadio Universitario Alberto Chivo Córd...,2543.0,2.16,3.27,3.28,2.45,3.49,3.72,0.43843421292358
2018,2017-11-19,Toluca,Tijuana,3,1,Estadio Nemesio Díez,2511.0,2.02,3.38,3.51,2.13,3.6,3.8,0.4699735498185953
2018,2018-04-22,Toluca,Veracruz,3,0,Estadio Nemesio Díez,2662.0,1.41,4.35,7.65,1.55,4.7,9.17,0.6882929732179847
2018,2018-05-13,Toluca,Tijuana,4,1,Estadio Nemesio Díez,2511.0,1.86,3.4,4.1,1.96,3.64,4.42,0.5128783422546531
2019,2018-08-19,Toluca,Tijuana,3,0,Estadio Nemesio Díez,2511.0,1.88,3.43,4.05,1.97,3.8,4.34,0.5088380762893294
2019,2019-03-03,Toluca,Veracruz,3,1,Estadio Nemesio Díez,2662.0,1.37,4.5,8.02,1.45,4.82,11.0,0.7073833722402278
2020,2019-08-25,Toluca,Tijuana,2,0,Estadio Nemesio Díez,2511.0,2.09,3.41,3.31,2.21,3.68,3.75,0.45394773271774497
2021,2020-10-25,Toluca,Tijuana,2,0,Estadio Nemesio Díez,2511.0,1.82,3.62,4.05,2.01,3.84,4.58,0.5258239005866902
2022,2021-08-17,Toluca,Mazatlán,2,2,Estadio Nemesio Díez,2640.0,1.69,3.8,4.71,1.73,4.0,5.03,0.5701979507589511
2025,2024-07-17,Toluca,Mazatlán,3,0,Estadio Nemesio Díez,2640.0,1.23,6.47,10.45,1.25,7.2,12.0,0.7962759690137448
2025,2024-09-14,Toluca,Tijuana,4,0,Estadio Nemesio Díez,2511.0,1.37,5.12,6.78,1.43,5.4,7.38,0.7088360140151787
