date,home_team,away_team,home_score,away_score,tournament,city,country,neutral,venue_elev,away_base_elev,home_base_elev,net_gap,home_gap,result,et_or_so,elo_h,elo_a,elo_diff100,competitive
1993-05-30,Ecuador,Peru,1,0,Friendly,Quito,Ecuador,False,2787.0,136.0,2787.0,2651.0,0.0,H,False,1532.6568001420655,1412.9138914424814,1.1974290869958417,False
1993-06-13,Bolivia,Chile,1,3,Friendly,La Paz,Bolivia,False,3596.0,567.0,3596.0,3029.0,0.0,A,False,1444.7398346577108,1625.8919409620864,-1.811521063043756,False
1993-06-19,Ecuador,United States,2,0,Copa América,Quito,Ecuador,False,2787.0,5.0,2787.0,2782.0,0.0,H,False,1536.2422432683068,1565.4971718977279,-0.292549286294211,True
1993-06-22,Ecuador,Uruguay,2,1,Copa América,Quito,Ecuador,False,2787.0,24.0,2787.0,2763.0,0.0,H,False,1566.2102762974885,1695.6570965043313,-1.2944682020684286,True
1993-06-26,Ecuador,Paraguay,3,0,Copa América,Quito,Ecuador,False,2787.0,112.0,2787.0,2675.0,0.0,H,False,1593.3240863323379,1560.4637918667902,0.3286029446554767,True
1993-07-25,Bolivia,Brazil,2,0,FIFA World Cup qualification,La Paz,Bolivia,False,3596.0,10.0,3596.0,3586.0,0.0,H,False,1495.9836483462507,1811.1757393951905,-3.151920910489398,True
1993-08-08,Bolivia,Uruguay,3,1,FIFA World Cup qualification,La Paz,Bolivia,False,3596.0,24.0,3596.0,3572.0,0.0,H,False,1542.5043802531682,1676.706181776694,-1.3420180152352577,True
1993-08-22,Bolivia,Venezuela,7,0,FIFA World Cup qualification,La Paz,Bolivia,False,3596.0,869.0,3596.0,2727.0,0.0,H,False,1590.6901936288,1222.906139922828,3.677840537059719,True
1996-06-02,Ecuador,Argentina,2,0,FIFA World Cup qualification,Quito,Ecuador,False,2787.0,7.0,2787.0,2780.0,0.0,H,False,1633.3787611079438,1767.9008350797885,-1.3452207397184475,True
1996-07-07,Bolivia,Venezuela,6,1,FIFA World Cup qualification,La Paz,Bolivia,False,3596.0,869.0,3596.0,2727.0,0.0,H,False,1570.572933259214,1240.7541678319603,3.2981876542725375,True
1996-09-01,Bolivia,Peru,0,0,FIFA World Cup qualification,La Paz,Bolivia,False,3596.0,136.0,3596.0,3460.0,0.0,D,False,1568.7931980625342,1488.1671273423574,0.8062607072017681,True
1996-10-04,Ecuador,Jamaica,2,1,Friendly,Ambato,Ecuador,False,2671.0,61.0,2787.0,2610.0,-116.0,H,False,1635.559649019661,1649.0437172362479,-0.1348406821658682,False
1996-10-09,Ecuador,Colombia,0,1,FIFA World Cup qualification,Quito,Ecuador,False,2787.0,29.0,2787.0,2758.0,0.0,A,False,1643.1197438188635,1801.880575346304,-1.5876083152744058,True
1996-11-10,Bolivia,Colombia,2,2,FIFA World Cup qualification,La Paz,Bolivia,False,3596.0,29.0,3596.0,3567.0,0.0,D,False,1549.5392862831013,1822.923585742104,-2.733842994590027,True
1996-12-15,Bolivia,Paraguay,0,0,FIFA World Cup qualification,La Paz,Bolivia,False,3596.0,112.0,3596.0,3484.0,0.0,D,False,1558.766524967413,1710.4714360082835,-1.5170491104087045,True
1997-02-11,Ecuador,Uruguay,4,0,FIFA World Cup qualification,Quito,Ecuador,False,2787.0,24.0,2787.0,2763.0,0.0,H,False,1596.4926778406439,1658.3063772115129,-0.6181369937086901,True
1997-02-12,Bolivia,Chile,1,1,FIFA World Cup qualification,La Paz,Bolivia,False,3596.0,567.0,3596.0,3029.0,0.0,D,False,1575.886705220642,1621.3366777978586,-0.45449972577216613,True
1997-03-23,Bolivia,Jamaica,6,0,Friendly,Oruro,Bolivia,False,3718.0,61.0,3596.0,3657.0,122.0,H,False,1572.772104336345,1665.4753133753998,-0.9270320903905486,False
1997-04-02,Bolivia,Argentina,2,1,FIFA World Cup qualification,La Paz,Bolivia,False,3596.0,7.0,3596.0,3589.0,0.0,H,False,1593.575880572778,1734.804563258043,-1.4122868268526485,True
1997-06-12,Bolivia,Venezuela,1,0,Copa América,La Paz,Bolivia,False,3596.0,869.0,3596.0,2727.0,0.0,H,False,1602.9064140191813,1258.648102895812,3.4425831112336938,True
1997-06-15,Bolivia,Peru,2,0,Copa América,La Paz,Bolivia,False,3596.0,136.0,3596.0,3460.0,0.0,H,False,1606.5031053652067,1607.233195121316,-0.00730089756109237,True
1997-06-18,Bolivia,Uruguay,1,0,Copa América,La Paz,Bolivia,False,3596.0,24.0,3596.0,3572.0,0.0,H,False,1633.5708905585275,1597.5078674718382,0.3606302308668933,True
1997-06-21,Bolivia,Colombia,2,1,Copa América,La Paz,Bolivia,False,3596.0,29.0,3596.0,3567.0,0.0,H,False,1649.2519726446856,1726.3661039490653,-0.7711413130437973,True
1997-06-29,Bolivia,Brazil,1,3,Copa América,La Paz,Bolivia,False,3596.0,10.0,3596.0,3586.0,0.0,A,False,1711.5419422900616,2043.1095525243272,-3.3156761023426564,True
1997-07-20,Bolivia,Uruguay,1,0,FIFA World Cup qualification,La Paz,Bolivia,False,3596.0,24.0,3596.0,3572.0,0.0,H,False,1676.1156788734208,1581.82678538568,0.9428889348774078,True
1997-08-20,Ecuador,Paraguay,2,1,FIFA World Cup qualification,Quito,Ecuador,False,2787.0,112.0,2787.0,2675.0,0.0,H,False,1694.0334133567421,1667.900789428898,0.2613262392784418,True
2000-03-05,Bolivia,Haiti,9,2,Friendly,La Paz,Bolivia,False,3596.0,58.0,3596.0,3538.0,0.0,H,False,1594.696115796779,1554.0159329334,0.40680182863378833,False
2000-03-08,Ecuador,Honduras,1,3,Friendly,Quito,Ecuador,False,2787.0,97.0,2787.0,2690.0,0.0,A,False,1633.8134316148107,1697.9321170261694,-0.6411868541135868,False
2000-04-26,Bolivia,Colombia,1,1,FIFA World Cup qualification,La Paz,Bolivia,False,3596.0,29.0,3596.0,3567.0,0.0,D,False,1591.0735925414228,1711.9127737959213,-1.208391812544985,True
2000-06-25,Ecuador,Panama,5,0,Friendly,Quito,Ecuador,False,2787.0,50.0,2787.0,2737.0,0.0,H,False,1606.1053952173677,1510.474765312886,0.9563062990448179,False
2000-06-29,Ecuador,Peru,2,1,FIFA World Cup qualification,Quito,Ecuador,False,2787.0,136.0,2787.0,2651.0,0.0,H,False,1615.900358174639,1690.0483798456373,-0.7414802167099833,True
2000-07-19,Bolivia,Chile,1,0,FIFA World Cup qualification,La Paz,Bolivia,False,3596.0,567.0,3596.0,3029.0,0.0,H,False,1514.0958091948337,1683.3823152553368,-1.6928650606050315,True
2000-07-25,Ecuador,Colombia,0,0,FIFA World Cup qualification,Quito,Ecuador,False,2787.0,29.0,2787.0,2758.0,0.0,D,False,1628.2659322389213,1724.7550075508711,-0.9648907531194982,True
2000-07-27,Bolivia,Paraguay,0,0,FIFA World Cup qualification,La Paz,Bolivia,False,3596.0,112.0,3596.0,3484.0,0.0,D,False,1538.032216115149,1748.9426407041483,-2.1091042458899936,True
2000-10-08,Bolivia,Peru,1,0,FIFA World Cup qualification,La Paz,Bolivia,False,3596.0,136.0,3596.0,3460.0,0.0,H,False,1522.4288148948158,1646.234409165052,-1.2380559427023627,True
2000-11-15,Bolivia,Uruguay,0,0,FIFA World Cup qualification,La Paz,Bolivia,False,3596.0,24.0,3596.0,3572.0,0.0,D,False,1543.7970345921071,1689.8411420105297,-1.4604410741842253,True
2001-03-28,Ecuador,Brazil,1,0,FIFA World Cup qualification,Quito,Ecuador,False,2787.0,10.0,2787.0,2777.0,0.0,H,False,1641.477083629115,1983.7750015303475,-3.4229791790123247,True
2001-04-24,Ecuador,Paraguay,2,1,FIFA World Cup qualification,Quito,Ecuador,False,2787.0,112.0,2787.0,2675.0,0.0,H,False,1673.5312467090012,1829.548653739401,-1.560174070303999,True
2001-04-25,Bolivia,Argentina,3,3,FIFA World Cup qualification,La Paz,Bolivia,False,3596.0,7.0,3596.0,3589.0,0.0,D,False,1537.801769244991,1953.1906591540805,-4.153888899090896,True
2001-06-03,Bolivia,Venezuela,5,0,FIFA World Cup qualification,La Paz,Bolivia,False,3596.0,869.0,3596.0,2727.0,0.0,H,False,1552.202898137449,1349.447939236367,2.027549589010821,True
2001-08-15,Ecuador,Argentina,0,2,FIFA World Cup qualification,Quito,Ecuador,False,2787.0,7.0,2787.0,2780.0,0.0,A,False,1672.96187236755,1949.9574023226662,-2.769955299551161,True
2001-11-07,Bolivia,Brazil,3,1,FIFA World Cup qualification,La Paz,Bolivia,False,3596.0,10.0,3596.0,3586.0,0.0,H,False,1481.2008532492705,1852.8710004991813,-3.716701472499108,True
2001-11-07,Ecuador,Uruguay,1,1,FIFA World Cup qualification,Quito,Ecuador,False,2787.0,24.0,2787.0,2763.0,0.0,D,False,1700.9248421059094,1716.2438346381284,-0.15318992532219,True
2003-08-31,Bolivia,Panama,3,0,Friendly,La Paz,Bolivia,False,3596.0,50.0,3596.0,3546.0,0.0,H,False,1517.5489427608518,1496.48694607724,0.21061996683611825,False
2003-09-10,Bolivia,Colombia,4,0,FIFA World Cup qualification,La Paz,Bolivia,False,3596.0,29.0,3596.0,3567.0,0.0,H,False,1521.5561128898985,1776.6262956730316,-2.5507018278313307,True
2003-11-19,Ecuador,Peru,0,0,FIFA World Cup qualification,Quito,Ecuador,False,2787.0,136.0,2787.0,2651.0,0.0,D,False,1709.2420425615894,1654.9615515445344,0.5428049101705505,True
2004-03-30,Bolivia,Chile,0,2,FIFA World Cup qualification,La Paz,Bolivia,False,3596.0,567.0,3596.0,3029.0,0.0,A,False,1572.5405179343911,1602.5075300289916,-0.29967012094600476,True
2004-06-01,Bolivia,Paraguay,2,1,FIFA World Cup qualification,La Paz,Bolivia,False,3596.0,112.0,3596.0,3484.0,0.0,H,False,1536.5739743445613,1779.7109781226143,-2.43137003778053,True
2004-06-02,Ecuador,Colombia,2,1,FIFA World Cup qualification,Quito,Ecuador,False,2787.0,29.0,2787.0,2758.0,0.0,H,False,1677.4985650242204,1747.017785537745,-0.6951922051352472,True
2004-10-09,Bolivia,Peru,1,0,FIFA World Cup qualification,La Paz,Bolivia,False,3596.0,136.0,3596.0,3460.0,0.0,H,False,1560.7462269466064,1654.3674085643813,-0.9362118161777494,True
2004-10-12,Bolivia,Uruguay,0,0,FIFA World Cup qualification,La Paz,Bolivia,False,3596.0,24.0,3596.0,3572.0,0.0,D,False,1580.3790738959453,1787.2550036657947,-2.0687592976984934,True
2004-11-17,Ecuador,Brazil,1,0,FIFA World Cup qualification,Quito,Ecuador,False,2787.0,10.0,2787.0,2777.0,0.0,H,False,1625.1354680620336,2005.1432886914904,-3.8000782062945677,True
2005-01-26,Ecuador,Panama,2,0,Friendly,Ambato,Ecuador,False,2671.0,50.0,2787.0,2621.0,-116.0,H,False,1658.4822165367495,1618.3676416742976,0.40114574862451946,False
2005-03-26,Bolivia,Argentina,1,2,FIFA World Cup qualification,La Paz,Bolivia,False,3596.0,7.0,3596.0,3589.0,0.0,A,False,1573.3740787013733,2009.781324493993,-4.364072457926198,True
2005-03-27,Ecuador,Paraguay,5,2,FIFA World Cup qualification,Quito,Ecuador,False,2787.0,112.0,2787.0,2675.0,0.0,H,False,1675.78837025203,1765.807400567283,-0.9001903031525285,True
2005-03-29,Bolivia,Venezuela,3,1,FIFA World Cup qualification,La Paz,Bolivia,False,3596.0,869.0,3596.0,2727.0,0.0,H,False,1568.3328333079517,1619.731452538487,-0.5139861923053536,True
2005-06-04,Ecuador,Argentina,2,0,FIFA World Cup qualification,Quito,Ecuador,False,2787.0,7.0,2787.0,2780.0,0.0,H,False,1723.3978848898485,2020.1495402450228,-2.967516553551743,True
2005-10-08,Ecuador,Uruguay,0,0,FIFA World Cup qualification,Quito,Ecuador,False,2787.0,24.0,2787.0,2763.0,0.0,D,False,1769.6525929561174,1796.6904916324495,-0.27037898676332134,True
2005-10-09,Bolivia,Brazil,1,1,FIFA World Cup qualification,La Paz,Bolivia,False,3596.0,10.0,3596.0,3586.0,0.0,D,False,1547.6479839401081,2035.5311894375857,-4.878832054974776,True
2006-11-15,Bolivia,El Salvador,5,1,Friendly,La Paz,Bolivia,False,3596.0,723.0,3596.0,2873.0,0.0,H,False,1544.3387411674169,1460.6443786073446,0.8369436256007226,False
2007-10-17,Bolivia,Colombia,0,0,FIFA World Cup qualification,La Paz,Bolivia,False,3596.0,29.0,3596.0,3567.0,0.0,D,False,1558.5956842751625,1820.8839090184758,-2.6228822474331333,True
2007-11-21,Ecuador,Peru,5,1,FIFA World Cup qualification,Quito,Ecuador,False,2787.0,136.0,2787.0,2651.0,0.0,H,False,1651.7116010478765,1661.3783913211882,-0.0966679027331179,True
2008-02-06,Bolivia,Peru,2,1,Friendly,La Paz,Bolivia,False,3596.0,136.0,3596.0,3460.0,0.0,H,False,1549.6809214264572,1633.4144695032046,-0.8373354807674741,False
2008-06-15,Bolivia,Chile,0,2,FIFA World Cup qualification,La Paz,Bolivia,False,3596.0,567.0,3596.0,3029.0,0.0,A,False,1574.7006843191468,1744.9930417563776,-1.7029235743723075,True
2008-06-18,Bolivia,Paraguay,4,2,FIFA World Cup qualification,La Paz,Bolivia,False,3596.0,112.0,3596.0,3484.0,0.0,H,False,1550.6887346094309,1864.29364886069,-3.1360491425125905,True
2008-06-18,Ecuador,Colombia,0,0,FIFA World Cup qualification,Quito,Ecuador,False,2787.0,29.0,2787.0,2758.0,0.0,D,False,1704.357979333847,1819.892595405059,-1.1553461607121198,True
2008-10-11,Bolivia,Peru,3,0,FIFA World Cup qualification,La Paz,Bolivia,False,3596.0,136.0,3596.0,3460.0,0.0,H,False,1593.7279602184774,1650.6854738364623,-0.5695751361798489,True
2008-10-14,Bolivia,Uruguay,2,2,FIFA World Cup qualification,La Paz,Bolivia,False,3596.0,24.0,3596.0,3572.0,0.0,D,False,1624.4139894517261,1836.2774742459544,-2.1186348479422827,True
2009-03-29,Ecuador,Brazil,1,1,FIFA World Cup qualification,Quito,Ecuador,False,2787.0,10.0,2787.0,2777.0,0.0,D,False,1722.0587439611077,2042.1134964641144,-3.2005475250300672,True
2009-04-01,Bolivia,Argentina,6,1,FIFA World Cup qualification,La Paz,Bolivia,False,3596.0,7.0,3596.0,3589.0,0.0,H,False,1594.4344721901782,2009.0107949067547,-4.145763227165764,True
2009-04-01,Ecuador,Paraguay,1,1,FIFA World Cup qualification,Quito,Ecuador,False,2787.0,112.0,2787.0,2675.0,0.0,D,False,1733.2660904153022,1855.4292191376157,-1.2216312872231356,True
2009-06-06,Bolivia,Venezuela,0,1,FIFA World Cup qualification,La Paz,Bolivia,False,3596.0,869.0,3596.0,2727.0,0.0,A,False,1663.1916078712586,1700.5600032096395,-0.3736839533838088,True
2009-06-10,Ecuador,Argentina,2,0,FIFA World Cup qualification,Quito,Ecuador,False,2787.0,7.0,2787.0,2780.0,0.0,H,False,1731.1810806808553,1948.7525990192912,-2.175715183384359,True
2009-10-10,Ecuador,Uruguay,1,2,FIFA World Cup qualification,Quito,Ecuador,False,2787.0,24.0,2787.0,2763.0,0.0,A,False,1772.6800856199673,1813.7318230021951,-0.4105173738222788,True
2009-10-11,Bolivia,Brazil,2,1,FIFA World Cup qualification,La Paz,Bolivia,False,3596.0,10.0,3596.0,3586.0,0.0,H,False,1593.2707005720308,2166.0191955361233,-5.7274849496409255,True
2010-08-11,Bolivia,Colombia,1,1,Friendly,La Paz,Bolivia,False,3596.0,29.0,3596.0,3567.0,0.0,D,False,1607.9418939247823,1759.1088676354418,-1.5116697371065948,False
2011-09-02,Ecuador,Jamaica,5,2,Friendly,Quito,Ecuador,False,2787.0,61.0,2787.0,2726.0,0.0,H,False,1740.6110927601885,1762.2290925688928,-0.21617999808704325,False
2011-09-05,Bolivia,Peru,0,0,Friendly,La Paz,Bolivia,False,3596.0,136.0,3596.0,3460.0,0.0,D,False,1561.005026612536,1800.1580806718132,-2.391530540592771,False
2011-10-11,Bolivia,Colombia,1,2,FIFA World Cup qualification,La Paz,Bolivia,False,3596.0,29.0,3596.0,3567.0,0.0,A,False,1561.9997201542153,1814.7489074615798,-2.5274918730736453,True
2011-11-15,Ecuador,Peru,2,0,FIFA World Cup qualification,Quito,Ecuador,False,2787.0,136.0,2787.0,2651.0,0.0,H,False,1785.92003646138,1805.7170012601894,-0.19796964798809313,True
2012-06-02,Bolivia,Chile,0,2,FIFA World Cup qualification,La Paz,Bolivia,False,3596.0,567.0,3596.0,3029.0,0.0,A,False,1567.6569411226649,1925.3360948743587,-3.5767915375169377,True
2012-06-09,Bolivia,Paraguay,3,1,FIFA World Cup qualification,La Paz,Bolivia,False,3596.0,112.0,3596.0,3484.0,0.0,H,False,1556.5613565590606,1848.2551068431465,-2.916937502840858,True
2012-06-10,Ecuador,Colombia,1,0,FIFA World Cup qualification,Quito,Ecuador,False,2787.0,29.0,2787.0,2758.0,0.0,H,False,1800.5021635058818,1839.2338592274743,-0.38731695721592585,True
2012-10-12,Bolivia,Peru,1,1,FIFA World Cup qualification,La Paz,Bolivia,False,3596.0,136.0,3596.0,3460.0,0.0,D,False,1604.1302717255837,1761.8160663778299,-1.5768579465224617,True
2012-10-16,Bolivia,Uruguay,4,1,FIFA World Cup qualification,La Paz,Bolivia,False,3596.0,24.0,3596.0,3572.0,0.0,H,False,1607.4207522179104,1922.041107496465,-3.146203552785546,True
2013-03-26,Bolivia,Argentina,1,1,FIFA World Cup qualification,La Paz,Bolivia,False,3596.0,7.0,3596.0,3589.0,0.0,D,False,1637.3213524128075,2053.2263144476724,-4.1590496203486484,True
2013-03-26,Ecuador,Paraguay,4,1,FIFA World Cup qualification,Quito,Ecuador,False,2787.0,112.0,2787.0,2675.0,0.0,H,False,1898.3647092313645,1770.455111318072,1.2790959791329237,True
2013-06-07,Bolivia,Venezuela,1,1,FIFA World Cup qualification,La Paz,Bolivia,False,3596.0,869.0,3596.0,2727.0,0.0,D,False,1646.4884342454282,1772.5648225892496,-1.2607638834382147,True
2013-06-11,Ecuador,Argentina,1,1,FIFA World Cup qualification,Quito,Ecuador,False,2787.0,7.0,2787.0,2780.0,0.0,D,False,1884.1100865394214,2027.4072577267275,-1.4329717118730605,True
2013-10-11,Ecuador,Uruguay,1,0,FIFA World Cup qualification,Quito,Ecuador,False,2787.0,24.0,2787.0,2763.0,0.0,H,False,1858.3423157030422,1952.0840742957212,-0.9374175859267894,True
2014-11-18,Bolivia,Venezuela,3,2,Friendly,La Paz,Bolivia,False,3596.0,869.0,3596.0,2727.0,0.0,H,False,1637.2745819111353,1733.0092476483192,-0.9573466573718383,False
2015-09-08,Ecuador,Honduras,2,0,Friendly,Quito,Ecuador,False,2787.0,97.0,2787.0,2690.0,0.0,H,False,1851.641823856063,1659.4918371722829,1.9214998668378007,False
2015-10-08,Bolivia,Uruguay,0,2,FIFA World Cup qualification,La Paz,Bolivia,False,3596.0,24.0,3596.0,3572.0,0.0,A,False,1659.7292429121221,1924.1910198535656,-2.6446177694144355,True
2015-11-12,Bolivia,Venezuela,4,2,FIFA World Cup qualification,La Paz,Bolivia,False,3596.0,869.0,3596.0,2727.0,0.0,H,False,1636.4529909121866,1694.7718954396719,-0.583189045274853,True
2015-11-12,Ecuador,Uruguay,2,1,FIFA World Cup qualification,Quito,Ecuador,False,2787.0,24.0,2787.0,2763.0,0.0,H,False,1915.5303626363675,1976.1149252306648,-0.6058456259429726,True
2016-03-24,Bolivia,Colombia,2,3,FIFA World Cup qualification,La Paz,Bolivia,False,3596.0,29.0,3596.0,3567.0,0.0,A,False,1653.1691765908845,1990.6448241842356,-3.3747564759335114,True
2016-03-24,Ecuador,Paraguay,2,2,FIFA World Cup qualification,Quito,Ecuador,False,2787.0,112.0,2787.0,2675.0,0.0,D,False,1950.0121591545148,1770.3954103298622,1.7961674882465264,True
2016-09-01,Bolivia,Peru,0,3,FIFA World Cup qualification,La Paz,Bolivia,False,3596.0,136.0,3596.0,3460.0,0.0,A,False,1617.39048204484,1884.7098234781552,-2.673193414333152,True
2016-09-01,Ecuador,Brazil,0,3,FIFA World Cup qualification,Quito,Ecuador,False,2787.0,10.0,2787.0,2777.0,0.0,A,False,1910.453947021098,2009.6009098582522,-0.9914696283715421,True
2016-11-15,Bolivia,Paraguay,1,0,FIFA World Cup qualification,La Paz,Bolivia,False,3596.0,112.0,3596.0,3484.0,0.0,H,False,1584.9944890209554,1773.9406947453308,-1.8894620572437544,True
2017-03-28,Bolivia,Argentina,2,0,FIFA World Cup qualification,La Paz,Bolivia,False,3596.0,7.0,3596.0,3589.0,0.0,H,False,1607.3651460937967,2102.848835701908,-4.95483689608111,True
2017-03-28,Ecuador,Colombia,0,2,FIFA World Cup qualification,Quito,Ecuador,False,2787.0,29.0,2787.0,2758.0,0.0,A,False,1880.922429326629,1972.9323369720053,-0.9200990764537619,True
2017-09-05,Bolivia,Chile,1,0,FIFA World Cup qualification,La Paz,Bolivia,False,3596.0,567.0,3596.0,3029.0,0.0,H,False,1666.5840535691245,1946.6038818617903,-2.800198282926658,True
2017-09-05,Ecuador,Peru,1,2,FIFA World Cup qualification,Quito,Ecuador,False,2787.0,136.0,2787.0,2651.0,0.0,A,False,1849.967607939052,1942.4419437264055,-0.9247433578735353,True
2017-10-05,Bolivia,Brazil,0,0,FIFA World Cup qualification,La Paz,Bolivia,False,3596.0,10.0,3596.0,3586.0,0.0,D,False,1696.1092974023024,2152.990696633499,-4.568813992311964,True
2017-10-10,Ecuador,Argentina,1,3,FIFA World Cup qualification,Quito,Ecuador,False,2787.0,7.0,2787.0,2780.0,0.0,A,False,1819.3911270491583,2037.70299822481,-2.183118711756517,True
2019-10-02,Mexico,Trinidad and Tobago,2,0,Friendly,Toluca,Mexico,False,2678.0,3.0,2281.0,2675.0,397.0,H,False,1956.1301009842139,1524.4481330590077,4.316819679252062,False
2020-10-13,Bolivia,Argentina,1,2,FIFA World Cup qualification,La Paz,Bolivia,False,3596.0,7.0,3596.0,3589.0,0.0,A,False,1625.3557739596606,2030.6674655397578,-4.053116915800972,True
2020-10-13,Ecuador,Uruguay,4,2,FIFA World Cup qualification,Quito,Ecuador,False,2787.0,24.0,2787.0,2763.0,0.0,H,False,1780.3932213290352,2017.9484035785738,-2.3755518224953858,True
2020-11-17,Ecuador,Colombia,6,1,FIFA World Cup qualification,Quito,Ecuador,False,2787.0,29.0,2787.0,2758.0,0.0,H,False,1835.9667977391352,2002.355190289431,-1.6638839255029574,True
2021-06-03,Bolivia,Venezuela,3,1,FIFA World Cup qualification,La Paz,Bolivia,False,3596.0,869.0,3596.0,2727.0,0.0,H,False,1615.5962939678082,1852.7800962346842,-2.37183802266876,True
2021-06-08,Ecuador,Peru,1,2,FIFA World Cup qualification,Quito,Ecuador,False,2787.0,136.0,2787.0,2651.0,0.0,A,False,1879.9861359829283,1815.325357629105,0.6466077835382339,True
2021-09-02,Bolivia,Colombia,1,1,FIFA World Cup qualification,La Paz,Bolivia,False,3596.0,29.0,3596.0,3567.0,0.0,D,False,1622.3519066601107,1980.0399753004574,-3.5768806864034675,True
2021-09-02,Ecuador,Paraguay,2,0,FIFA World Cup qualification,Quito,Ecuador,False,2787.0,112.0,2787.0,2675.0,0.0,H,False,1838.9781038058268,1863.3048193011718,-0.2432671549534507,True
2021-10-10,Bolivia,Peru,1,0,FIFA World Cup qualification,La Paz,Bolivia,False,3596.0,136.0,3596.0,3460.0,0.0,H,False,1618.9252939772794,1890.3013279352133,-2.7137603395793395,True
2021-10-14,Bolivia,Paraguay,4,0,FIFA World Cup qualification,La Paz,Bolivia,False,3596.0,112.0,3596.0,3484.0,0.0,H,False,1648.0612923989722,1836.784369143404,-1.8872307674443187,True
2021-11-16,Bolivia,Uruguay,3,0,FIFA World Cup qualification,La Paz,Bolivia,False,3596.0,24.0,3596.0,3572.0,0.0,H,False,1690.590821749317,1947.6971154556518,-2.5710629370633478,True
2022-01-27,Ecuador,Brazil,1,1,FIFA World Cup qualification,Quito,Ecuador,False,2787.0,10.0,2787.0,2777.0,0.0,D,False,1905.6720664944996,2197.3151109028877,-2.9164304440838804,True
2022-02-01,Bolivia,Chile,2,3,FIFA World Cup qualification,La Paz,Bolivia,False,3596.0,567.0,3596.0,3029.0,0.0,A,False,1719.8638548996607,1841.9179927448245,-1.2205413784516372,True
2022-03-29,Bolivia,Brazil,0,4,FIFA World Cup qualification,La Paz,Bolivia,False,3596.0,10.0,3596.0,3586.0,0.0,A,False,1691.8197004504973,2196.598994062969,-5.047792936124715,True
2023-09-12,Bolivia,Argentina,0,3,FIFA World Cup qualification,La Paz,Bolivia,False,3596.0,7.0,3596.0,3589.0,0.0,A,False,1661.3010726845457,2203.0782763195953,-5.417772036350495,True
2023-09-12,Ecuador,Uruguay,2,1,FIFA World Cup qualification,Quito,Ecuador,False,2787.0,24.0,2787.0,2763.0,0.0,H,False,1922.1742911190133,1991.797574951874,-0.6962328383286058,True
2023-10-17,Ecuador,Colombia,0,0,FIFA World Cup qualification,Quito,Ecuador,False,2787.0,29.0,2787.0,2758.0,0.0,D,False,1950.718496594781,2001.1538501925095,-0.504353535977284,True
2023-11-16,Bolivia,Peru,2,0,FIFA World Cup qualification,La Paz,Bolivia,False,3596.0,136.0,3596.0,3460.0,0.0,H,False,1637.1251101966843,1851.8878852349908,-2.1476277503830645,True
2024-09-05,Bolivia,Venezuela,4,0,FIFA World Cup qualification,El Alto,Bolivia,False,4079.0,869.0,3596.0,3210.0,483.0,H,False,1620.176428087895,1903.1832079640676,-2.8300677987617266,True
2024-09-10,Ecuador,Peru,1,0,FIFA World Cup qualification,Quito,Ecuador,False,2787.0,136.0,2787.0,2651.0,0.0,H,False,1940.1765478194586,1792.4862037221158,1.4769034409734285,True
2024-10-10,Bolivia,Colombia,1,0,FIFA World Cup qualification,El Alto,Bolivia,False,4079.0,29.0,3596.0,4050.0,483.0,H,False,1706.7434349292969,2127.720936029917,-4.209775011006202,True
2024-10-10,Ecuador,Paraguay,0,0,FIFA World Cup qualification,Quito,Ecuador,False,2787.0,112.0,2787.0,2675.0,0.0,D,False,1947.9265788422717,1777.5482476520717,1.703783311902,True
2024-11-19,Mexico,Honduras,4,0,CONCACAF Nations League,Toluca,Mexico,False,2678.0,97.0,2281.0,2581.0,397.0,H,False,1862.823298718229,1701.8194996287932,1.610037990894357,True
2024-11-19,Bolivia,Paraguay,2,2,FIFA World Cup qualification,El Alto,Bolivia,False,4079.0,112.0,3596.0,3967.0,483.0,D,False,1726.979570424355,1842.84953124909,-1.1586996082473502,True
2025-03-25,Bolivia,Uruguay,0,0,FIFA World Cup qualification,El Alto,Bolivia,False,4079.0,24.0,3596.0,4055.0,483.0,D,False,1711.1491692705663,2001.674043607131,-2.905248743365646,True
2025-06-10,Bolivia,Chile,2,0,FIFA World Cup qualification,El Alto,Bolivia,False,4079.0,567.0,3596.0,3512.0,483.0,H,False,1706.7547184451953,1787.8239043975825,-0.8106918595238721,True
2025-09-09,Bolivia,Brazil,1,0,FIFA World Cup qualification,El Alto,Bolivia,False,4079.0,10.0,3596.0,4069.0,483.0,H,False,1728.2063152074577,2073.52852355774,-3.4532220835028213,True
