country,venue_fbref_name,canonical_name,city,lat,lon,coordinate_source,reported_elevation_m,elevation_source,dem_elevation_m,dem_window_min_max,confidence,notes
NT,NT:La Paz,"main international stadium, La Paz",La Paz,-16.4989,-68.1219,PROVISIONAL (analyst),,,3596.0,3589-3612,provisional,
NT,NT:El Alto,"main international stadium, El Alto",El Alto,-16.4903,-68.1861,PROVISIONAL (analyst),,,4079.0,4073-4083,provisional,
NT,NT:Santa Cruz,"main international stadium, Santa Cruz",Santa Cruz,-17.797,-63.1876,PROVISIONAL (analyst),,,423.0,421-437,provisional,
NT,NT:Cochabamba,"main international stadium, Cochabamba",Cochabamba,-17.3904,-66.1612,PROVISIONAL (analyst),,,2574.0,2571-2581,provisional,
NT,NT:Sucre,"main international stadium, Sucre",Sucre,-19.0367,-65.252,PROVISIONAL (analyst),,,2824.0,2814-2842,provisional,
NT,NT:Oruro,"main international stadium, Oruro",Oruro,-17.9668,-67.1085,PROVISIONAL (analyst),,,3718.0,3715-3722,provisional,
NT,NT:Potosí,"main international stadium, Potosí",Potosí,-19.5847,-65.747,PROVISIONAL (analyst),,,4021.0,4003-4042,provisional,
NT,NT:Barranquilla,"main international stadium, Barranquilla",Barranquilla,10.924,-74.786,PROVISIONAL (analyst),,,29.0,26-37,provisional,
NT,NT:Bogotá,"main international stadium, Bogotá",Bogotá,4.6458,-74.0778,PROVISIONAL (analyst),,,2553.0,2547-2563,provisional,
NT,NT:Medellín,"main international stadium, Medellín",Medellín,6.2568,-75.5904,PROVISIONAL (analyst),,,1475.0,1469-1509,provisional,
NT,NT:Cali,"main international stadium, Cali",Cali,3.43,-76.543,PROVISIONAL (analyst),,,967.0,966-982,provisional,
NT,NT:Pereira,"main international stadium, Pereira",Pereira,4.81,-75.744,PROVISIONAL (analyst),,,1313.0,1286-1334,provisional,
NT,NT:Armenia,"main international stadium, Armenia",Armenia,4.5297,-75.696,PROVISIONAL (analyst),,,1412.0,1394-1422,provisional,
NT,NT:Manizales,"main international stadium, Manizales",Manizales,5.056,-75.495,PROVISIONAL (analyst),,,2103.0,2066-2121,provisional,
NT,NT:Quito,"main international stadium, Quito",Quito,-0.177,-78.476,PROVISIONAL (analyst),,,2787.0,2764-2811,provisional,
NT,NT:Guayaquil,"main international stadium, Guayaquil",Guayaquil,-2.1858,-79.9247,PROVISIONAL (analyst),,,23.0,14-51,provisional,
NT,NT:Cuenca,"main international stadium, Cuenca",Cuenca,-2.9046,-79.0069,PROVISIONAL (analyst),,,2528.0,2516-2531,provisional,
NT,NT:Ambato,"main international stadium, Ambato",Ambato,-1.2565,-78.6183,PROVISIONAL (analyst),,,2671.0,2650-2679,provisional,
NT,NT:Portoviejo,"main international stadium, Portoviejo",Portoviejo,-1.051,-80.456,PROVISIONAL (analyst),,,37.0,33-43,provisional,
NT,NT:Machala,"main international stadium, Machala",Machala,-3.259,-79.953,PROVISIONAL (analyst),,,10.0,4-11,provisional,
NT,NT:Mexico City,"main international stadium, Mexico City",Mexico City,19.3029,-99.1505,PROVISIONAL (analyst),,,2281.0,2250-2296,provisional,
NT,NT:Guadalajara,"main international stadium, Guadalajara",Guadalajara,20.701,-103.333,PROVISIONAL (analyst),,,1520.0,1512-1528,provisional,
NT,NT:Zapopan,"main international stadium, Zapopan",Zapopan,20.682,-103.4625,PROVISIONAL (analyst),,,1668.0,1663-1676,provisional,
NT,NT:Monterrey,"main international stadium, Monterrey",Monterrey,25.669,-100.2445,PROVISIONAL (analyst),,,496.0,489-502,provisional,
NT,NT:Guadalupe,"main international stadium, Guadalupe",Guadalupe,25.669,-100.2445,PROVISIONAL (analyst),,,496.0,489-502,provisional,
NT,NT:Puebla,"main international stadium, Puebla",Puebla,19.0765,-98.1735,PROVISIONAL (analyst),,,2211.0,2205-2216,provisional,
NT,NT:Torreón,"main international stadium, Torreón",Torreón,25.576,-103.373,PROVISIONAL (analyst),,,1124.0,1113-1134,provisional,
NT,NT:Querétaro,"main international stadium, Querétaro",Querétaro,20.552,-100.427,PROVISIONAL (analyst),,,1810.0,1807-1818,provisional,
NT,NT:San Luis Potosí,"main international stadium, San Luis Potosí",San Luis Potosí,22.165,-100.916,PROVISIONAL (analyst),,,1848.0,1845-1850,provisional,
NT,NT:Toluca,"main international stadium, Toluca",Toluca,19.2856,-99.6636,PROVISIONAL (analyst),,,2678.0,2675-2683,provisional,
NT,NT:Tuxtla Gutiérrez,"main international stadium, Tuxtla Gutiérrez",Tuxtla Gutiérrez,16.783,-93.155,PROVISIONAL (analyst),,,937.0,896-958,provisional,
NT,NT:Veracruz,"main international stadium, Veracruz",Veracruz,19.165,-96.133,PROVISIONAL (analyst),,,16.0,12-19,provisional,
NT,NT:Lima,"main international stadium, Lima",Lima,-12.0672,-77.0336,PROVISIONAL (analyst),,,136.0,132-142,provisional,
NT,NT:Arequipa,"main international stadium, Arequipa",Arequipa,-16.382,-71.524,PROVISIONAL (analyst),,,2451.0,2441-2471,provisional,
NT,NT:Tacna,"main international stadium, Tacna",Tacna,-18.01,-70.25,PROVISIONAL (analyst),,,581.0,575-587,provisional,
NT,NT:Chiclayo,"main international stadium, Chiclayo",Chiclayo,-6.77,-79.84,PROVISIONAL (analyst),,,34.0,30-36,provisional,
NT,NT:Trujillo,"main international stadium, Trujillo",Trujillo,-8.108,-79.033,PROVISIONAL (analyst),,,38.0,32-41,provisional,
NT,NT:Piura,"main international stadium, Piura",Piura,-5.193,-80.625,PROVISIONAL (analyst),,,35.0,24-45,provisional,
NT,NT:Cusco,"main international stadium, Cusco",Cusco,-13.522,-71.96,PROVISIONAL (analyst),,,3356.0,3342-3360,provisional,
NTV,NTV:Argentina:Buenos Aires,usual home stadium of Argentina in Buenos Aires,Buenos Aires,-34.5453,-58.4494,PROVISIONAL (analyst),,,7.0,1-22,provisional,
NTV,NTV:Argentina:Córdoba,usual home stadium of Argentina in Córdoba,Córdoba,-31.369,-64.246,PROVISIONAL (analyst),,,419.0,409-437,provisional,
NTV,NTV:Argentina:Mendoza,usual home stadium of Argentina in Mendoza,Mendoza,-32.8896,-68.88,PROVISIONAL (analyst),,,839.0,836-861,provisional,
NTV,NTV:Brazil:Rio de Janeiro,usual home stadium of Brazil in Rio de Janeiro,Rio de Janeiro,-22.9122,-43.2302,PROVISIONAL (analyst),,,10.0,8-33,provisional,
NTV,NTV:Brazil:São Paulo,usual home stadium of Brazil in São Paulo,São Paulo,-23.6,-46.72,PROVISIONAL (analyst),,,748.0,743-765,provisional,
NTV,NTV:Brazil:Porto Alegre,usual home stadium of Brazil in Porto Alegre,Porto Alegre,-30.065,-51.236,PROVISIONAL (analyst),,,10.0,3-13,provisional,
NTV,NTV:Chile:Santiago,usual home stadium of Chile in Santiago,Santiago,-33.4647,-70.6106,PROVISIONAL (analyst),,,567.0,567-583,provisional,
NTV,NTV:Uruguay:Montevideo,usual home stadium of Uruguay in Montevideo,Montevideo,-34.8944,-56.1528,PROVISIONAL (analyst),,,24.0,13-44,provisional,
NTV,NTV:Paraguay:Asunción,usual home stadium of Paraguay in Asunción,Asunción,-25.29,-57.63,PROVISIONAL (analyst),,,112.0,105-120,provisional,
NTV,NTV:Venezuela:San Cristóbal,usual home stadium of Venezuela in San Cristóbal,San Cristóbal,7.79,-72.23,PROVISIONAL (analyst),,,869.0,839-880,provisional,
NTV,NTV:Venezuela:Maracaibo,usual home stadium of Venezuela in Maracaibo,Maracaibo,10.66,-71.63,PROVISIONAL (analyst),,,42.0,35-52,provisional,
NTV,NTV:Venezuela:Caracas,usual home stadium of Venezuela in Caracas,Caracas,10.49,-66.887,PROVISIONAL (analyst),,,870.0,859-873,provisional,
NTV,NTV:Peru:Lima,usual home stadium of Peru in Lima,Lima,-12.0672,-77.0336,PROVISIONAL (analyst),,,136.0,132-142,provisional,
NTV,NTV:Colombia:Barranquilla,usual home stadium of Colombia in Barranquilla,Barranquilla,10.924,-74.786,PROVISIONAL (analyst),,,29.0,26-37,provisional,
NTV,NTV:Colombia:Bogotá,usual home stadium of Colombia in Bogotá,Bogotá,4.6458,-74.0778,PROVISIONAL (analyst),,,2553.0,2547-2563,provisional,
NTV,NTV:Ecuador:Quito,usual home stadium of Ecuador in Quito,Quito,-0.177,-78.476,PROVISIONAL (analyst),,,2787.0,2764-2811,provisional,
NTV,NTV:Ecuador:Guayaquil,usual home stadium of Ecuador in Guayaquil,Guayaquil,-2.1858,-79.9247,PROVISIONAL (analyst),,,23.0,14-51,provisional,
NTV,NTV:Bolivia:La Paz,usual home stadium of Bolivia in La Paz,La Paz,-16.4989,-68.1219,PROVISIONAL (analyst),,,3596.0,3589-3612,provisional,
NTV,NTV:Mexico:Mexico City,usual home stadium of Mexico in Mexico City,Mexico City,19.3029,-99.1505,PROVISIONAL (analyst),,,2281.0,2250-2296,provisional,
NTV,NTV:United States:Foxborough,usual home stadium of United States in Foxborough,Foxborough,42.0909,-71.2643,PROVISIONAL (analyst),,,79.0,75-94,provisional,
NTV,"NTV:United States:Washington, D.C.","usual home stadium of United States in Washington, D.C.","Washington, D.C.",38.89,-76.97,PROVISIONAL (analyst),,,5.0,2-8,provisional,
NTV,NTV:United States:Chicago,usual home stadium of United States in Chicago,Chicago,41.8623,-87.6167,PROVISIONAL (analyst),,,180.0,180-181,provisional,
NTV,NTV:Canada:Toronto,usual home stadium of Canada in Toronto,Toronto,43.6332,-79.4186,PROVISIONAL (analyst),,,86.0,82-89,provisional,
NTV,NTV:Costa Rica:San José,usual home stadium of Costa Rica in San José,San José,9.94,-84.1,PROVISIONAL (analyst),,,1130.0,1119-1140,provisional,
NTV,NTV:Honduras:San Pedro Sula,usual home stadium of Honduras in San Pedro Sula,San Pedro Sula,15.5,-88.03,PROVISIONAL (analyst),,,97.0,90-104,provisional,
NTV,NTV:Honduras:Tegucigalpa,usual home stadium of Honduras in Tegucigalpa,Tegucigalpa,14.09,-87.2,PROVISIONAL (analyst),,,980.0,959-1030,provisional,
NTV,NTV:Panama:Panama City,usual home stadium of Panama in Panama City,Panama City,9.04,-79.51,PROVISIONAL (analyst),,,50.0,43-81,provisional,
NTV,NTV:Jamaica:Kingston,usual home stadium of Jamaica in Kingston,Kingston,17.99,-76.78,PROVISIONAL (analyst),,,61.0,56-67,provisional,
NTV,NTV:El Salvador:San Salvador,usual home stadium of El Salvador in San Salvador,San Salvador,13.69,-89.22,PROVISIONAL (analyst),,,723.0,717-737,provisional,
NTV,NTV:Guatemala:Guatemala City,usual home stadium of Guatemala in Guatemala City,Guatemala City,14.6,-90.53,PROVISIONAL (analyst),,,1520.0,1512-1530,provisional,
NTV,NTV:Trinidad and Tobago:Port of Spain,usual home stadium of Trinidad and Tobago in Port of Spain,Port of Spain,10.66,-61.53,PROVISIONAL (analyst),,,3.0,1-10,provisional,
NTV,NTV:Haiti:Port-au-Prince,usual home stadium of Haiti in Port-au-Prince,Port-au-Prince,18.54,-72.33,PROVISIONAL (analyst),,,58.0,52-68,provisional,
NTV,NTV:Cuba:Havana,usual home stadium of Cuba in Havana,Havana,23.1,-82.4,PROVISIONAL (analyst),,,32.0,26-39,provisional,
NTV,NTV:Nicaragua:Managua,usual home stadium of Nicaragua in Managua,Managua,12.14,-86.26,PROVISIONAL (analyst),,,82.0,77-88,provisional,
NTV,NTV:Curaçao:Willemstad,usual home stadium of Curaçao in Willemstad,Willemstad,12.1,-68.93,PROVISIONAL (analyst),,,5.0,0-16,provisional,
NTV,NTV:Suriname:Paramaribo,usual home stadium of Suriname in Paramaribo,Paramaribo,5.83,-55.17,PROVISIONAL (analyst),,,6.0,2-11,provisional,
