Home,Season_End_Year,Venue
ABB,2025,Estadio Municipal El Alto
Always Ready,2019,Estadio Municipal El Alto
Always Ready,2020,Estadio Municipal El Alto
Always Ready,2021,Estadio Municipal El Alto
Always Ready,2022,Estadio Municipal El Alto
Always Ready,2023,Estadio Municipal El Alto
Always Ready,2025,Estadio Municipal El Alto
Atlético Palmaflor,2020,Estadio Félix Capriles
Atlético Palmaflor,2021,Estadio Félix Capriles
Atlético Palmaflor,2022,Estadio Félix Capriles
Atlético Palmaflor,2023,Estadio Bicentenario de Villa Tunari
Aurora,2018,Estadio Félix Capriles
Aurora,2019,Estadio Félix Capriles
Aurora,2020,Estadio Félix Capriles
Aurora,2021,Estadio Félix Capriles
Aurora,2022,Estadio Félix Capriles
Aurora,2023,Estadio Félix Capriles
Aurora,2025,Estadio Félix Capriles
Avilés Industrial,2018,Estadio IV Centenario
Bermejo,2015,
Blooming,2015,
Blooming,2016,Estadio Ramón Aguilera Costas
Blooming,2017,Estadio Ramón Aguilera Costas
Blooming,2018,Estadio Ramón Aguilera Costas
Blooming,2019,Estadio Ramón Aguilera Costas
Blooming,2020,Estadio Ramón Aguilera Costas
Blooming,2021,Estadio Ramón Aguilera Costas
Blooming,2022,Estadio Ramón Aguilera Costas
Blooming,2023,Estadio Ramón Aguilera Costas
Blooming,2025,Estadio Gilberto Parada
Bolívar,2015,
Bolívar,2016,Estadio Hernando Siles
Bolívar,2017,Estadio Hernando Siles
Bolívar,2018,Estadio Hernando Siles
Bolívar,2019,Estadio Hernando Siles
Bolívar,2020,Estadio Hernando Siles
Bolívar,2021,Estadio Hernando Siles
Bolívar,2022,Estadio Hernando Siles
Bolívar,2023,Estadio Hernando Siles
Bolívar,2025,Estadio Hernando Siles
Ciclón,2016,Estadio La Bombonera
Club Vaca Díez,2023,Estadio Roberto Jordan Cuellár
Destroyers,2017,Estadio Ramón Aguilera Costas
Destroyers,2018,Estadio Ramón Aguilera Costas
Destroyers,2019,Estadio Ramón Aguilera Costas
FC Universitario,2022,Estadio Félix Capriles
FC Universitario,2023,Estadio Félix Capriles
FC Universitario,2025,Estadio Félix Capriles
GV San José,2025,Estadio Jesús Bermúdez
Guabirá,2017,Estadio Gilberto Parada
Guabirá,2018,Estadio Gilberto Parada
Guabirá,2019,Estadio Gilberto Parada
Guabirá,2020,Estadio Gilberto Parada
Guabirá,2021,Estadio Gilberto Parada
Guabirá,2022,Estadio Gilberto Parada
Guabirá,2023,Estadio Gilberto Parada
Guabirá,2025,Estadio Gilberto Parada
Indep Petrolero,2021,Estadio Olímpico Patria
Indep Petrolero,2022,Estadio Olímpico Patria
Indep Petrolero,2023,Estadio Olímpico Patria
Indep Petrolero,2025,Estadio Olímpico Patria
Libertad Gran Mamoré FC,2023,Estadio Gran Mamoré
Nacional Potosí,2015,
Nacional Potosí,2016,Estadio Victor Agustín Ugarte
Nacional Potosí,2017,Estadio Victor Agustín Ugarte
Nacional Potosí,2018,Estadio Victor Agustín Ugarte
Nacional Potosí,2019,Estadio Victor Agustín Ugarte
Nacional Potosí,2020,Estadio Victor Agustín Ugarte
Nacional Potosí,2021,Estadio Victor Agustín Ugarte
Nacional Potosí,2022,Estadio Victor Agustín Ugarte
Nacional Potosí,2023,Estadio Victor Agustín Ugarte
Nacional Potosí,2025,Estadio Victor Agustín Ugarte
Oriente Petrolero,2015,
Oriente Petrolero,2016,Estadio Ramón Aguilera Costas
Oriente Petrolero,2017,Estadio Ramón Aguilera Costas
Oriente Petrolero,2018,Estadio Ramón Aguilera Costas
Oriente Petrolero,2019,Estadio Ramón Aguilera Costas
Oriente Petrolero,2020,Estadio Ramón Aguilera Costas
Oriente Petrolero,2021,Estadio Ramón Aguilera Costas
Oriente Petrolero,2022,Estadio Ramón Aguilera Costas
Oriente Petrolero,2023,Estadio Ramón Aguilera Costas
Oriente Petrolero,2025,Estadio Ramón Aguilera Costas
Petrolero,2015,
Petrolero,2016,Estadio Provincial de Yacuiba
Petrolero,2017,Estadio Federico Ibarra Olarte
Real Oruro,2025,Estadio Jesús Bermúdez
Real Potosí,2015,
Real Potosí,2016,Estadio Victor Agustín Ugarte
Real Potosí,2017,Estadio Victor Agustín Ugarte
Real Potosí,2018,Estadio Victor Agustín Ugarte
Real Potosí,2019,Estadio Victor Agustín Ugarte
Real Potosí,2020,Estadio Victor Agustín Ugarte
Real Potosí,2021,Estadio Victor Agustín Ugarte
Real Santa Cruz,2020,Estadio Juan Carlos Durán
Real Santa Cruz,2021,Estadio Real Santa Cruz
Real Santa Cruz,2022,Estadio Real Santa Cruz
Real Santa Cruz,2023,Estadio Real Santa Cruz
Real Tomayapo,2021,Estadio IV Centenario
Real Tomayapo,2022,Estadio IV Centenario
Real Tomayapo,2023,Estadio IV Centenario
Real Tomayapo,2025,Estadio IV Centenario
Royal Parí,2018,Estadio Ramón Aguilera Costas
Royal Parí,2019,Estadio Ramón Aguilera Costas
Royal Parí,2020,Estadio Ramón Aguilera Costas
Royal Parí,2021,Estadio Ramón Aguilera Costas
Royal Parí,2022,Estadio Ramón Aguilera Costas
Royal Parí,2023,Estadio Ramón Aguilera Costas
San Antonio Bulo Bulo,2025,Estadio Dr. Carlos Villegas
San José,2015,
San José,2016,Estadio Jesús Bermúdez
San José,2017,Estadio Jesús Bermúdez
San José,2018,Estadio Jesús Bermúdez
San José,2019,Estadio Jesús Bermúdez
San José,2020,Estadio Jesús Bermúdez
San José,2021,Estadio Jesús Bermúdez
Sport Boys,2015,
Sport Boys,2016,Estadio Samuel Vaca Jimenez
Sport Boys,2017,Estadio Edgar Peña Gutierrez
Sport Boys,2018,Estadio Samuel Vaca Jimenez
Sport Boys,2019,Estadio Samuel Vaca Jimenez
The Strongest,2015,
The Strongest,2016,Estadio Hernando Siles
The Strongest,2017,Estadio Hernando Siles
The Strongest,2018,Estadio Hernando Siles
The Strongest,2019,Estadio Hernando Siles
The Strongest,2020,Estadio Hernando Siles
The Strongest,2021,Estadio Hernando Siles
The Strongest,2022,Estadio Hernando Siles
The Strongest,2023,Estadio Hernando Siles
The Strongest,2025,Estadio Hernando Siles
Univ de Sucre,2021,Estadio Olímpico Patria
Univ de Sucre,2022,Estadio Olímpico Patria
Universitario,2015,
Universitario,2016,Estadio Olímpico Patria
Universitario,2017,Estadio Olímpico Patria
Universitario,2018,Estadio Olímpico Patria
Universitario (B),2016,Estadio Gran Mamoré
Universitario (P),2015,
Wilstermann,2015,
Wilstermann,2016,Estadio Félix Capriles
Wilstermann,2017,Estadio Félix Capriles
Wilstermann,2018,Estadio Félix Capriles
Wilstermann,2019,Estadio Félix Capriles
Wilstermann,2020,Estadio Félix Capriles
Wilstermann,2021,Estadio Félix Capriles
Wilstermann,2022,Estadio Félix Capriles
Wilstermann,2023,Estadio Félix Capriles
Wilstermann,2025,Estadio Félix Capriles
