country,city,n
Bolivia,La Paz,82
Bolivia,Santa Cruz,24
Bolivia,Cochabamba,15
Bolivia,Sucre,8
Bolivia,El Alto,6
Bolivia,Oruro,2
Bolivia,Tarija,1
Bolivia,Villa Tunari,1
Bolivia,Yacuiba,1
Colombia,Barranquilla,63
Colombia,Bogotá,26
Colombia,Medellín,13
Colombia,Cali,6
Colombia,Pereira,4
Colombia,Armenia,3
Colombia,Manizales,3
Colombia,Bucaramanga,1
Colombia,Cúcuta,1
Colombia,Neiva,1
Colombia,Palmira,1
Colombia,Villavicencio,1
Ecuador,Quito,85
Ecuador,Guayaquil,32
Ecuador,Cuenca,9
Ecuador,Ambato,5
Ecuador,Portoviejo,5
Ecuador,Machala,3
Ecuador,Babahoyo,1
Ecuador,Latacunga,1
Ecuador,Loja,1
Mexico,Mexico City,103
Mexico,Guadalajara,13
Mexico,Monterrey,10
Mexico,Zapopan,10
Mexico,Guadalupe,6
Mexico,Puebla,5
Mexico,Torreón,5
Mexico,Querétaro,4
Mexico,San Luis Potosí,3
Mexico,Toluca,3
Mexico,Tuxtla Gutiérrez,3
Mexico,Veracruz,3
Mexico,Ciudad Juárez,2
Mexico,León,2
Mexico,Aguascalientes,1
Mexico,Ciudad Madero,1
Mexico,Culiacán,1
Mexico,Hermosillo,1
Mexico,Mazatlán,1
Mexico,Morelia,1
Mexico,Pachuca,1
Mexico,San Nicolás de los Garza,1
Peru,Lima,132
Peru,Arequipa,10
Peru,Tacna,6
Peru,Chiclayo,5
Peru,Trujillo,4
Peru,Piura,3
Peru,Cusco,1
Peru,Iquitos,1
Peru,Moquegua,1
