country,venue_fbref_name,matches,seasons,main_home_teams
MEX,Estadio Akron,194,2015-2026,Guadalajara (194)
MEX,Estadio Alfonso Lastras Ramírez,102,2020-2026,Atlético (102)
MEX,Estadio Azteca,287,2015-2024,"América (193), Cruz Azul (93), Toluca (1)"
MEX,Estadio Azul,79,2015-2019,"Cruz Azul (78), Pachuca (1)"
MEX,Estadio BBVA Bancomer,190,2016-2026,Monterrey (190)
MEX,Estadio Banorte,17,2016-2016,Sinaloa (17)
MEX,Estadio Caliente,190,2015-2026,Tijuana (190)
MEX,Estadio Corona,5,2021-2024,Santos (5)
MEX,Estadio Cuauhtémoc,192,2015-2026,"Puebla (189), América (2), Cruz Azul (1)"
MEX,Estadio El Encanto,21,2025-2026,Mazatlán (21)
MEX,Estadio Generalísimo José María Morelos ...,106,2015-2020,Morelia (106)
MEX,Estadio Hidalgo,198,2015-2026,Pachuca (198)
MEX,Estadio Jalisco,209,2015-2026,"Atlas (191), UdeG (15), Guadalajara (2), UNAM (1)"
MEX,Estadio La Corregidora,183,2015-2026,Querétaro (183)
MEX,Estadio León,202,2015-2026,León (202)
MEX,Estadio Luis de la Fuente,96,2015-2020,Veracruz (96)
MEX,Estadio Nemesio Díez,193,2015-2026,Toluca (193)
MEX,Estadio Nuevo Corona,195,2015-2026,Santos (195)
MEX,Estadio Olímpico Benito Juárez,95,2020-2026,FC Juárez (95)
MEX,Estadio Olímpico Universitario de Colima,22,2015-2025,UNAM (22)
MEX,Estadio Olímpico de Universitario,193,2015-2026,"UNAM (172), Cruz Azul (15), UdeG (2), América (2)"
MEX,Estadio Tecnológico,19,2015-2015,Monterrey (19)
MEX,Estadio Universitario Alberto Chivo Córd...,7,2017-2017,Toluca (7)
MEX,Estadio Universitario BUAP,35,2018-2024,"Lobos BUAP (34), UANL (1)"
MEX,Estadio Universitario de Nuevo León,220,2015-2026,"UANL (219), Puebla (1)"
MEX,Estadio Victoria de Aguascalientes,152,2017-2026,"Necaxa (151), Toluca (1)"
MEX,Estadio Zoque VMR,52,2015-2017,Chiapas (52)
MEX,Estadio de Mazatlán,60,2021-2024,Mazatlán (60)
MEX,Estadio de la Ciudad de los Deportes,37,2021-2026,"América (25), Cruz Azul (12)"
MEX,StubHub Center,1,2017-2017,Chiapas (1)
PER,Estadio 25 de Noviembre,29,2014-2018,"San Simón (15), Binacional (14)"
PER,Estadio Alberto Gallardo,283,2014-2025,"Sporting Cristal (179), USMP (54), Alianza Lima (7), Universitario (6)"
PER,Estadio Alejandro Villanueva,250,2014-2025,"Alianza Lima (190), Ayacucho (6), Dep Municipal (5), Melgar (5)"
PER,Estadio Aliardo Soria Pérez,15,2015-2015,Sport Loreto (15)
PER,Estadio Campeones del 36,77,2020-2025,"Alianza Atlético (46), Atlético Grau (31)"
PER,Estadio Ciudad de Cumaná,132,2014-2025,Ayacucho (132)
PER,Estadio Cristo es el Señor,11,2018-2019,"Comerciantes (6), UTC (5)"
PER,Estadio César Flores Marigorda,30,2015-2022,"Juan Aurich (16), Pirata (9), Carlos Stein (4), Mannucci (1)"
PER,Estadio El Prado,1,2025-2025,CDC Santa Rosa (1)
PER,Estadio Elías Aguirre,49,2014-2016,"Juan Aurich (40), Los Caimanes (9)"
PER,Estadio Guillermo Briceño Rosamedina,74,2019-2025,"Binacional (73), Sport Huancayo (1)"
PER,Estadio Heraclio Tapia León,75,2014-2025,"Alianza Univ (42), León Huánuco (31), Sport Huancayo (1), Alianza Atlético (1)"
PER,Estadio Huancayo,202,2014-2025,"Sport Huancayo (188), Asociación Deportiva Tarma (10), Sport Loreto (1), Ayacucho (1)"
PER,Estadio Héroes de San Ramón,143,2014-2025,"UTC (142), Llacuabamba (1)"
PER,Estadio Inca Garcilaso de la Vega,313,2014-2025,"Cienciano (108), Real Garcilaso (103), Cusco (50), Deportivo Garcilaso (48)"
PER,Estadio Inca Pachacútec,1,2016-2016,Unión Comercio (1)
PER,Estadio Iván Elías Moreno,183,2015-2023,"Dep Municipal (97), Cantolao (16), Sport Boys (15), Alianza Atlético (6)"
PER,Estadio Juan Maldonado Gamarra,57,2016-2025,"Comerciantes (44), Comerciantes Unidos (13)"
PER,Estadio Julio Lores Colán (Neutral Site),1,2014-2014,Sport Huancayo (1)
PER,Estadio Los Chankas,28,2024-2025,CDC Santa Rosa (28)
PER,Estadio Mansiche,227,2014-2025,"U César Vallejo (133), Mannucci (81), Juan Aurich (5), Juan Pablo II (2)"
PER,Estadio Mansiche (Neutral Site),1,2014-2014,Sporting Cristal (1)
PER,Estadio Manuel Eloy Molina Robles,22,2014-2025,Ayacucho (22)
PER,Estadio Mariano Melgar,5,2017-2018,"Melgar (4), Binacional (1)"
PER,Estadio Miguel Grau,14,2019-2024,"Atlético Grau (9), Sport Boys (4), UTC (1)"
PER,Estadio Miguel Grau del Callao,317,2014-2025,"Sport Boys (92), Cantolao (83), USMP (74), Dep Municipal (21)"
PER,Estadio Monumental,212,2014-2023,"Universitario (148), USMP (10), Sporting Cristal (6), Melgar (5)"
PER,Estadio Monumental U Marathon,29,2024-2025,Universitario (29)
PER,Estadio Municipal Bernales,49,2016-2025,"Atlético Grau (31), La Bocana (16), Alianza Atlético (2)"
PER,Estadio Municipal Carlos Vidaurre García,29,2023-2024,Unión Comercio (29)
PER,Estadio Municipal El Coloso de la Fronte...,8,2015-2018,"Alianza Atlético (7), Dep Municipal (1)"
PER,Estadio Municipal Francisco Mendoza Piza...,31,2014-2022,"Carlos Stein (9), Pirata (8), Juan Aurich (7), Los Caimanes (6)"
PER,Estadio Municipal Germán Contreras Jara,66,2018-2025,"UTC (41), Comerciantes Unidos (16), Llacuabamba (9)"
PER,Estadio Municipal Melanio Coloma Calderó...,60,2015-2023,Alianza Atlético (60)
PER,Estadio Municipal Segundo Aranda Torres,24,2019-2023,"Dep Municipal (19), Cantolao (5)"
PER,Estadio Municipal Unión de Tarma,56,2022-2025,"Asociación Deportiva Tarma (43), ADT Tarma (13)"
PER,Estadio Municipal de Barranca,5,2017-2019,Cantolao (5)
PER,Estadio Municipal de Guadalupe Carlos A....,25,2017-2020,"Comerciantes (15), Juan Aurich (7), UTC (2), Carlos Stein (1)"
PER,Estadio Municipal de Nueva Cajamarca,42,2016-2019,Unión Comercio (42)
PER,Estadio Municipal de Urcos,2,2014-2016,Real Garcilaso (2)
PER,Estadio Nacional,67,2014-2025,"Sporting Cristal (24), Universitario (12), Dep Municipal (8), Alianza Lima (7)"
PER,Estadio Nacional del Perú,1,2018-2018,Universitario (1)
PER,Estadio Rosas Pampa,44,2017-2018,Sport Rosario (44)
PER,Estadio Sesquicentenario,11,2016-2017,"La Bocana (6), Alianza Atlético (5)"
PER,Estadio Túpac Amaru,18,2017-2020,"Real Garcilaso (10), Cusco (8)"
PER,Estadio Víctor Montoya Segura,15,2022-2022,"Carlos Stein (13), Cantolao (1), Cienciano (1)"
PER,Estadio de la Juventud,9,2025-2025,Juan Pablo II (9)
PER,Estadio de la Universidad Nacional Mayor...,28,2020-2025,"USMP (5), Alianza Lima (3), Dep Municipal (2), Mannucci (2)"
PER,Estadio de la Universidad Nacional San A...,202,2014-2025,"Melgar (191), Binacional (11)"
PER,Estadio de la Universidad Nacional San A... (Neutral Site),1,2014-2014,Sporting Cristal (1)
PER,Estadio del IPD,77,2014-2024,Unión Comercio (77)
PER,Villa Deportiva Nacional,13,2020-2022,"U César Vallejo (3), Cantolao (1), Alianza Univ (1), Llacuabamba (1)"
ECU,Estadio 7 de Octubre,4,2016-2017,"CS Emelec (1), Amarilla SC (1), Delfín SC (1), Barcelona SC (1)"
ECU,Estadio 9 de Mayo,122,2014-2023,"Orense (60), Amarilla SC (58), LDU de Loja (2), Barcelona SC (1)"
ECU,Estadio 9 de Mayo Banco de Machala,29,2024-2025,Orense (29)
ECU,Estadio Alejandro Ponce Noboa,1,2020-2020,Barcelona SC (1)
ECU,Estadio Alejandro Serrano Aguilar,186,2014-2023,"CD Cuenca (184), CD Olmedo (1), Gualaceo Sporting Club (1)"
ECU,Estadio Alejandro Serrano Aguilar Banco ...,30,2024-2025,"Deportivo Cuenca (29), Libertad (1)"
ECU,Estadio Banco del Pacífico,163,2014-2023,"CS Emelec (158), Guayaquil City (3), Barcelona SC (1), Independiente (1)"
ECU,Estadio Bellavista Universidad Indoaméri...,61,2024-2025,"Técnico Univ. (29), Macará (29), Mushuc Runa (3)"
ECU,Estadio Bellavista de Ambato,271,2014-2023,"Macará (106), Técnico Univ. (97), Mushuc Runa (67), Cumbayá FC (1)"
ECU,Estadio Centenario de Guaranda,3,2015-2016,"Mushuc Runa (2), El Nacional (1)"
ECU,Estadio Christian Benítez Betancourt,150,2015-2023,"Guayaquil City (110), River Ecuador (37), CS Emelec (2), Barcelona SC (1)"
ECU,Estadio Cooperativa de Ahorro y Crédito ...,44,2021-2025,Mushuc Runa (44)
ECU,Estadio Dr. Lisandro de la Torre,1,2018-2018,El Nacional (1)
ECU,Estadio Federativo Reina del Cisne,85,2014-2025,"LDU de Loja (41), Libertad FC (30), Libertad (13), LDU de Quito (1)"
ECU,Estadio Folke Anderson,2,2017-2018,Independiente (2)
ECU,Estadio General Rumiñahui del Valle de L...,139,2014-2023,"Independiente (117), Clan Juvenil (18), El Nacional (4)"
ECU,Estadio George Capwell Banco del Austro,29,2024-2025,CS Emelec (29)
ECU,Estadio Gerardo León Pozo,9,2022-2022,"Gualaceo Sporting Club (8), Cumbayá FC (1)"
ECU,Estadio Gonzalo Pozo Ripalda,182,2014-2025,"SD Aucas (170), El Nacional (8), Vinotinto (2), Independiente (1)"
ECU,Estadio Jocay,220,2014-2025,"Delfín SC (134), Manta Fútbol Club (29), Delfín (29), Manta FC (22)"
ECU,Estadio La Fortaleza,1,2015-2015,River Ecuador (1)
ECU,Estadio Los Chirijos,11,2014-2022,"CS Emelec (6), Barcelona SC (2), Club 9 de Octubre (2), El Nacional (1)"
ECU,Estadio Modelo Alberto Spencer Herrera,52,2015-2022,"Club 9 de Octubre (28), CS Emelec (17), River Ecuador (6), Delfín SC (1)"
ECU,Estadio Monumental Banco Pichincha,29,2024-2025,Barcelona (29)
ECU,Estadio Monumental Isidro Romero Carbo,186,2014-2023,"Barcelona SC (180), Guayaquil City (6)"
ECU,Estadio Municipal Jorge Andrade Cantos,21,2022-2023,Gualaceo Sporting Club (21)
ECU,Estadio Municipal La Cocha,10,2015-2025,"El Nacional (5), Univ Católica (2), Cumbayá FC (2), SD Aucas (1)"
ECU,Estadio Olímpico Atahualpa,513,2014-2025,"Univ Católica (210), El Nacional (164), SD Quito (44), Cumbayá FC (38)"
ECU,Estadio Olímpico Etho Vega Baquero,1,2017-2017,Clan Juvenil (1)
ECU,Estadio Olímpico de Ibarra,15,2024-2024,Imbabura Sporting Club (15)
ECU,Estadio Olímpico de Riobamba,75,2014-2025,"CD Olmedo (66), Mushuc Runa (8), CD Cuenca (1)"
ECU,Estadio Prof. Javier Cruz,1,2022-2022,Cumbayá FC (1)
ECU,Estadio Reales Tamarindos,27,2015-2020,"LDU Portoviejo (14), Delfín SC (9), CS Emelec (2), LDU de Loja (1)"
ECU,Estadio Rodrigo Paz Delgado,92,2020-2025,"LDU de Quito (91), Univ Católica (1)"
ECU,Estadio Universitario Dr. Xavier Fernánd...,2,2022-2022,Cumbayá FC (2)
ECU,Estadio banco Guayaquil,73,2021-2025,"Independiente (71), Vinotinto (1), Univ Católica (1)"
ECU,Estadio de Liga Deportiva Universitaria,131,2014-2019,"LDU de Quito (129), Mushuc Runa (1), Univ Católica (1)"
ECU,Estadio del Mushuc Runa Sporting Club,45,2015-2021,Mushuc Runa (45)
COL,Estadio Alberto Grisales,200,2015-2025,Rionegro (200)
COL,Estadio Alfonso Lastras Ramírez,1,2016-2016,CA Bucaramanga (1)
COL,Estadio Alfonso López,85,2016-2021,"CA Bucaramanga (84), AD Cali (1)"
COL,Estadio Américo Montanini,77,2022-2025,CA Bucaramanga (77)
COL,Estadio Armando Maestre Pavajeau,30,2023-2025,"Alianza (29), Unión Magdalena (1)"
COL,Estadio Armando Tuirán Paternina,1,2018-2018,Jaguares (1)
COL,Estadio Arturo Cumplido Sierra,7,2024-2025,Rionegro (7)
COL,Estadio Atanasio Girardot,474,2014-2025,"Nacional (237), Independiente (229), Santa Fe (3), Huila (2)"
COL,Estadio Bello Horizonte,16,2024-2025,"Llaneros (12), CD América (2), Millonarios (1), Boyacá Chicó (1)"
COL,Estadio Centenario,25,2014-2021,"Deportes Quindío (11), Huila (9), Cúcuta (4), CD América (1)"
COL,Estadio Daniel Villa Zapata,176,2015-2024,"Alianza (174), CA Bucaramanga (2)"
COL,Estadio Departamental Libertad,190,2015-2025,"Pasto (189), Envigado (1)"
COL,Estadio Deportivo Cali,211,2015-2025,"AD Cali (209), Deportivo Cali (1), Envigado (1)"
COL,Estadio Doce de Octubre,64,2015-2022,"Cortuluá (63), CD América (1)"
COL,Estadio Francisco Rivera Escobar,2,2017-2024,"Cortuluá (1), CD América (1)"
COL,Estadio General Santander,49,2015-2020,Cúcuta (49)
COL,Estadio Guillermo Plazas Alcid,110,2015-2023,"Huila (78), Atlético Huila (30), Boyacá Patriot (1), Tolima (1)"
COL,Estadio Hernán Ramírez Villegas,116,2015-2025,"Pereira (112), Rionegro (4)"
COL,Estadio Héctor El Zipa González,2,2021-2021,"Millonarios (1), La Equidad (1)"
COL,Estadio Luis Antonio Duque Peña,2,2015-2022,"Huila (1), Independiente (1)"
COL,Estadio Manuel Murillo Toro,219,2015-2025,"Tolima (209), Huila (10)"
COL,Estadio Metropolitano Roberto Meléndez,258,2014-2025,"Junior (237), Uniautónoma (20), Nacional (1)"
COL,Estadio Metropolitano de Fútbol de Lara,1,2017-2017,La Equidad (1)
COL,Estadio Metropolitano de Itagüí,25,2016-2024,"Leones FC (19), Nacional (2), Envigado (2), Independiente (2)"
COL,Estadio Metropolitano de Techo,304,2015-2025,"La Equidad (195), Tolima (32), Fortaleza FC (25), Fortaleza CEIF (20)"
COL,Estadio Municipal de Ipiales,23,2019-2019,Pasto (23)
COL,Estadio Nemesio Camacho El Campín,475,2014-2025,"Millonarios (237), Santa Fe (219), La Equidad (10), Fortaleza FC (3)"
COL,Estadio Olímpico Jaime Morón León,3,2015-2017,"Junior (2), Jaguares (1)"
COL,Estadio Olímpico Pascual Guerrero,217,2015-2025,"CD América (185), Cortuluá (18), AD Cali (14)"
COL,Estadio Palogrande,214,2015-2025,"Once Caldas (213), Millonarios (1)"
COL,Estadio Polideportivo Sur,203,2015-2025,"Envigado (201), Nacional (2)"
COL,Estadio Romelio Martínez,5,2018-2024,"Junior (4), CD América (1)"
COL,Estadio Sierra Nevada,74,2019-2025,"Unión Magdalena (51), ADU Magdalena (23)"
COL,Estadio de Fútbol Jaraguay de Montería,189,2015-2024,"Jaguares (188), La Equidad (1)"
COL,Estadio de la Independencia,299,2015-2025,"Boyacá Patriot (168), Boyacá Chicó (130), Huila (1)"
COL,Estadio Álvaro Gómez Hurtado,32,2015-2025,"CA Bucaramanga (26), Alianza (6)"
COL,Parque Estadio Olaya Herrera,6,2024-2024,"Fortaleza FC (3), La Equidad (3)"
COL,Stadio Zosimades,1,2016-2016,Nacional (1)
BOL,Estadio Bicentenario de Villa Tunari,12,2023-2023,Atlético Palmaflor (12)
BOL,Estadio Defensores del Chaco,1,2017-2017,Petrolero (1)
BOL,Estadio Dr. Carlos Villegas,7,2025-2025,San Antonio Bulo Bulo (7)
BOL,Estadio Edgar Peña Gutierrez,24,2016-2020,"Sport Boys (21), Royal Parí (2), Destroyers (1)"
BOL,Estadio Federico Ibarra Olarte,27,2016-2017,Petrolero (27)
BOL,Estadio Félix Capriles,362,2016-2025,"Wilstermann (161), Aurora (111), Atlético Palmaflor (45), FC Universitario (39)"
BOL,Estadio Gilberto Parada,175,2017-2025,"Guabirá (152), Blooming (7), Royal Parí (6), Oriente Petrolero (6)"
BOL,Estadio Gran Mamoré,17,2016-2023,"Libertad Gran Mamoré FC (16), Universitario (B) (1)"
BOL,Estadio Hernando Siles,360,2016-2025,"Bolívar (178), The Strongest (172), Always Ready (8), Oriente Petrolero (1)"
BOL,Estadio Huancayo,2,2016-2016,Ciclón (2)
BOL,Estadio IV Centenario,67,2016-2025,"Real Tomayapo (61), Ciclón (5), Avilés Industrial (1)"
BOL,Estadio Jesús Bermúdez,150,2016-2025,"San José (130), GV San José (10), Real Oruro (10)"
BOL,Estadio Juan Carlos Durán,11,2018-2020,"Real Santa Cruz (9), Royal Parí (1), Blooming (1)"
BOL,Estadio La Bombonera,14,2016-2016,Ciclón (14)
BOL,Estadio Libertador Simón Bolívar,3,2017-2018,Bolívar (3)
BOL,Estadio Municipal El Alto,102,2019-2025,"Always Ready (91), ABB (11)"
BOL,Estadio Municipal de Colcapirhua,3,2018-2022,"Atlético Palmaflor (2), Aurora (1)"
BOL,Estadio Municipal de Quillacollo,11,2022-2023,"Atlético Palmaflor (7), FC Universitario (4)"
BOL,Estadio Municipal de Sacaba,31,2017-2022,"Wilstermann (18), Aurora (8), FC Universitario (3), Universitario (2)"
BOL,Estadio Olímpico Pascual Guerrero,1,2018-2018,Universitario (1)
BOL,Estadio Olímpico Patria,159,2016-2025,"Universitario (74), Indep Petrolero (60), Univ de Sucre (21), Sport Boys (1)"
BOL,Estadio Provincial de Yacuiba,29,2016-2017,Petrolero (29)
BOL,Estadio Rafael Mendoza Castellón,8,2017-2022,The Strongest (8)
BOL,Estadio Ramón Aguilera Costas,499,2016-2025,"Oriente Petrolero (169), Blooming (167), Royal Parí (103), Destroyers (46)"
BOL,Estadio Real Santa Cruz,43,2021-2025,"Real Santa Cruz (41), Blooming (1), Oriente Petrolero (1)"
BOL,Estadio Roberto Jordan Cuellár,16,2023-2023,Club Vaca Díez (16)
BOL,Estadio Samuel Vaca Jimenez,81,2016-2019,"Sport Boys (79), Guabirá (1), Destroyers (1)"
BOL,Estadio Victor Agustín Ugarte,310,2016-2025,"Nacional Potosí (176), Real Potosí (132), Blooming (1), Sport Boys (1)"
BOL,Merkur Arena,1,2018-2018,Destroyers (1)
