home_team,city,n
Argentina,Buenos Aires,85
Argentina,Córdoba,11
Argentina,Mendoza,7
Bolivia,La Paz,82
Bolivia,Santa Cruz,16
Bolivia,Cochabamba,8
Brazil,Rio de Janeiro,22
Brazil,São Paulo,21
Brazil,Porto Alegre,12
Canada,Toronto,50
Canada,Edmonton,19
Canada,Burnaby,12
Chile,Santiago,108
Chile,Concepción,6
Chile,Viña del Mar,6
Colombia,Barranquilla,60
Colombia,Bogotá,25
Colombia,Medellín,7
Costa Rica,San José,128
Costa Rica,Alajuela,13
Costa Rica,Heredia,2
Cuba,Havana,47
Cuba,Santiago de Cuba,10
Curaçao,Willemstad,62
Ecuador,Quito,83
Ecuador,Guayaquil,25
Ecuador,Portoviejo,4
El Salvador,San Salvador,108
Guatemala,Guatemala City,89
Guatemala,Antigua Guatemala,4
Guatemala,Mazatenango,4
Haiti,Port-au-Prince,55
Haiti,Cap-Haïtien,3
Haiti,Saint-Marc,3
Honduras,San Pedro Sula,80
Honduras,Tegucigalpa,51
Honduras,La Ceiba,5
Jamaica,Kingston,158
Jamaica,Montego Bay,15
Jamaica,Falmouth,2
Mexico,Mexico City,93
Mexico,Monterrey,10
Mexico,Torreón,5
Nicaragua,Managua,46
Nicaragua,Diriamba,8
Nicaragua,Estelí,3
Panama,Panama City,131
Panama,La Chorrera,2
Panama,Penonomé,1
Paraguay,Asunción,94
Paraguay,Ciudad del Este,7
Paraguay,Luque,6
Peru,Lima,127
Peru,Arequipa,5
Peru,Tacna,4
Suriname,Paramaribo,66
Trinidad and Tobago,Port of Spain,120
Trinidad and Tobago,Macoya,20
Trinidad and Tobago,Couva,18
United States,Foxborough,25
United States,"Washington, D.C.",25
United States,Chicago,16
Uruguay,Montevideo,115
Uruguay,Maldonado,2
Uruguay,Rivera,2
Venezuela,San Cristóbal,26
Venezuela,Maracaibo,24
Venezuela,Caracas,22
