date,opponent,competition,attacking_end_1h,status,evidence_type,video_url,video_timestamp,landmark,coder,notes
2018-04-29,Seattle Sounders,MLS,,unavailable,,,,,,
2018-05-05,FC Dallas,MLS,,unavailable,,,,,,
2018-05-09,Minnesota United,MLS,,unavailable,,,,,,
2018-05-13,New York City FC,MLS,,unavailable,,,,,,
2018-05-26,D.C. United,MLS,,unavailable,,,,,,
2018-06-06,Fresno FC,US Open Cup,,unavailable,,,,,,
2018-06-20,Sacramento Republic,US Open Cup,,unavailable,,,,,,
2018-06-23,Columbus Crew,MLS,,unavailable,,,,,,
2018-06-30,Philadelphia Union,MLS,,unavailable,,,,,,
2018-07-07,Orlando City,MLS,,unavailable,,,,,,
2018-07-15,Portland Timbers,MLS,,unavailable,,,,,,
2018-07-18,Portland Timbers,US Open Cup,,unavailable,,,,,,
2018-07-26,LA Galaxy,MLS,,unavailable,,,,,,
2018-08-11,Sporting Kansas City,MLS,,unavailable,,,,,,
2018-08-15,Real Salt Lake,MLS,,unavailable,,,,,,
2018-08-19,Colorado Rapids,MLS,,unavailable,,,,,,
2018-09-15,New England Revolution,MLS,,unavailable,,,,,,
2018-09-22,San Jose Earthquakes,MLS,,unavailable,,,,,,
2018-10-12,Houston Dynamo,MLS,,unavailable,,,,,,
2018-10-21,Vancouver Whitecaps,MLS,,unavailable,,,,,,
2018-11-01,Real Salt Lake,MLS Playoffs,,unavailable,,,,,,
2019-03-03,Sporting Kansas City,MLS,,unavailable,,,,,,
2019-03-10,Portland Timbers,MLS,,unavailable,,,,,,
2019-03-23,Real Salt Lake,MLS,,unavailable,,,,,,
2019-04-13,FC Cincinnati,MLS,,unavailable,,,,,,
2019-04-21,Seattle Sounders,MLS,,unavailable,,,,,,
2019-05-04,Chicago Fire,MLS,,unavailable,,,,,,
2019-05-16,FC Dallas,MLS,,unavailable,,,,,,
2019-05-24,Montreal Impact,MLS,,unavailable,,,,,,
2019-07-06,Vancouver Whitecaps,MLS,,unavailable,,,,,,
2019-07-26,Atlanta United,MLS,,unavailable,,,,,,
2019-08-11,New York Red Bulls,MLS,,unavailable,,,,,,
2019-08-21,San Jose Earthquakes,MLS,,unavailable,,,,,,
2019-08-25,LA Galaxy,MLS,,unavailable,,,,,,
2019-09-01,Minnesota United,MLS,,unavailable,,,,,,
2019-09-21,Toronto FC,MLS,,unavailable,,,,,,
2019-09-25,Houston Dynamo,MLS,,unavailable,,,,,,
2019-10-06,Colorado Rapids,MLS,,unavailable,,,,,,
2019-10-24,LA Galaxy,MLS Playoffs,,unavailable,,,,,,
2019-10-29,Seattle Sounders,MLS Playoffs,,unavailable,,,,,,
2020-03-01,Inter Miami,MLS,,unavailable,,,,,,
2020-03-08,Philadelphia Union,MLS,,unavailable,,,,,,
2020-08-22,LA Galaxy,MLS,,unavailable,,,,,,
2020-09-02,San Jose Earthquakes,MLS,,unavailable,,,,,,
2020-09-13,Portland Timbers,MLS,,unavailable,,,,,,
2020-09-23,Vancouver Whitecaps,MLS,,unavailable,,,,,,
2020-09-27,San Jose Earthquakes,MLS,,unavailable,,,,,,
2020-10-11,Seattle Sounders,MLS,,unavailable,,,,,,
2020-10-25,LA Galaxy,MLS,,unavailable,,,,,,
2020-10-28,Houston Dynamo,MLS,,unavailable,,,,,,
2020-11-08,Portland Timbers,MLS,,unavailable,,,,,,
2021-04-17,Austin FC,MLS,,unavailable,,,,,,
2021-04-24,Seattle Sounders,MLS,,unavailable,,,,,,
2021-05-22,Colorado Rapids,MLS,,unavailable,,,,,,
2021-05-29,New York City FC,MLS,,unavailable,,,,,,
2021-06-19,Houston Dynamo,MLS,,unavailable,,,,,,
2021-06-23,FC Dallas,MLS,,unavailable,,,,,,
2021-07-17,Real Salt Lake,MLS,,unavailable,,,,,,
2021-07-24,Vancouver Whitecaps,MLS,,unavailable,,,,,,
2021-07-28,Minnesota United,MLS,,unavailable,,,,,,
2021-08-04,Sporting Kansas City,MLS,,unavailable,,,,,,
2021-08-28,LA Galaxy,MLS,,unavailable,,,,,,
2021-09-03,Sporting Kansas City,MLS,,unavailable,,,,,,
2021-09-12,Real Salt Lake,MLS,,unavailable,,,,,,
2021-09-29,Portland Timbers,MLS,,unavailable,,,,,,
2021-10-16,San Jose Earthquakes,MLS,,unavailable,,,,,,
2021-10-26,Seattle Sounders,MLS,,unavailable,,,,,,
2021-11-02,Vancouver Whitecaps,MLS,,unavailable,,,,,,
2022-02-26,Colorado Rapids,MLS,,unavailable,,,,,,
2022-03-06,Portland Timbers,MLS,,unavailable,,,,,,
2022-03-20,Vancouver Whitecaps,MLS,,unavailable,,,,,,
2022-04-17,Sporting Kansas City,MLS,,unavailable,,,,,,
2022-05-01,Minnesota United,MLS,,unavailable,,,,,,
2022-05-07,Philadelphia Union,MLS,,unavailable,,,,,,
2022-05-08,Real Salt Lake,MLS,,unavailable,,,,,,
2022-05-18,Austin FC,MLS,,unavailable,,,,,,
2022-05-28,San Jose Earthquakes,MLS,,unavailable,,,,,,
2022-06-26,New York Red Bulls,MLS,,unavailable,,,,,,
2022-06-29,FC Dallas,MLS,,unavailable,,,,,,
2022-07-08,LA Galaxy,MLS,,unavailable,,,,,,
2022-07-29,Seattle Sounders,MLS,,unavailable,,,,,,
2022-08-13,Charlotte FC,MLS,,unavailable,,,,,,
2022-08-16,D.C. United,MLS,,unavailable,,,,,,
2022-09-18,Houston Dynamo,MLS,,unavailable,,,,,,
2022-10-09,Nashville SC,MLS,,unavailable,,,,,,
2022-10-20,LA Galaxy,MLS Playoffs,,unavailable,,,,,,
2022-10-30,Austin FC,MLS Playoffs,,unavailable,,,,,,
2022-11-05,Philadelphia Union,MLS Cup Final,,unavailable,,,,,,
2023-03-04,Portland Timbers,MLS,,unavailable,,,,,,
2023-03-12,New England Revolution,MLS,,unavailable,,,,,,
2023-03-25,FC Dallas,MLS,,unavailable,,,,,,
2023-04-08,Austin FC,MLS,,unavailable,,,,,,
2023-05-17,Sporting Kansas City,MLS,,unavailable,,,,,,
2023-05-20,San Jose Earthquakes,MLS,,unavailable,,,,,,
2023-06-07,Atlanta United,MLS,,unavailable,,,,,,
2023-06-14,Houston Dynamo,MLS,,unavailable,,,,,,
2023-06-21,Seattle Sounders,MLS,,unavailable,,,,,,
2023-06-24,Vancouver Whitecaps,MLS,,unavailable,,,,,,
2023-07-08,San Jose Earthquakes,MLS,,unavailable,,,,,,
2023-07-12,St. Louis City,MLS,,unavailable,,,,,,
2023-08-23,Colorado Rapids,MLS,,unavailable,,,,,,
2023-09-03,Inter Miami,MLS,,unavailable,,,,,,
2023-09-16,LA Galaxy,MLS,,unavailable,,,,,,
2023-10-01,Real Salt Lake,MLS,,unavailable,,,,,,
2023-10-04,Minnesota United,MLS,,unavailable,,,,,,
2023-10-28,Vancouver Whitecaps,MLS Playoffs,,unavailable,,,,,,
2023-12-02,Houston Dynamo,MLS Playoffs,,unavailable,,,,,,
2024-02-24,Seattle Sounders,MLS,,unavailable,,,,,,
2024-03-09,Sporting Kansas City,MLS,,unavailable,,,,,,
2024-03-23,Nashville SC,MLS,,unavailable,,,,,,
2024-04-20,New York Red Bulls,MLS,,unavailable,,,,,,
2024-04-27,Portland Timbers,MLS,,unavailable,,,,,,
2024-05-11,Vancouver Whitecaps,MLS,,unavailable,,,,,,
2024-05-29,Minnesota United,MLS,,unavailable,,,,,,
2024-06-01,FC Dallas,MLS,,unavailable,,,,,,
2024-06-22,San Jose Earthquakes,MLS,,unavailable,,,,,,
2024-06-29,Colorado Rapids,MLS,,unavailable,,,,,,
2024-07-13,Columbus Crew,MLS,,unavailable,,,,,,
2024-07-17,Real Salt Lake,MLS,,unavailable,,,,,,
2024-08-31,Houston Dynamo,MLS,,unavailable,,,,,,
2024-09-18,Austin FC,MLS,,unavailable,,,,,,
2024-09-25,Sporting Kansas City,US Open Cup,,unavailable,,,,,,
2024-10-02,St. Louis City,MLS,,unavailable,,,,,,
2024-10-19,San Jose Earthquakes,MLS,,unavailable,,,,,,
2024-10-27,Vancouver Whitecaps,MLS Playoffs,,unavailable,,,,,,
2024-11-08,Vancouver Whitecaps,MLS Playoffs,,unavailable,,,,,,
2024-11-23,Seattle Sounders,MLS Playoffs,,unavailable,,,,,,
2025-02-22,Minnesota United,MLS,,unavailable,,,,,,
2025-03-01,New York City FC,MLS,,unavailable,,,,,,
2025-03-15,Austin FC,MLS,,unavailable,,,,,,
2025-04-12,San Jose Earthquakes,MLS,,unavailable,,,,,,
2025-04-27,St. Louis City,MLS,,unavailable,,,,,,
2025-05-03,Houston Dynamo,MLS,,unavailable,,,,,,
2025-05-14,Seattle Sounders,MLS,,unavailable,,,,,,
2025-06-08,Sporting Kansas City,MLS,,unavailable,,,,,,
2025-06-29,Vancouver Whitecaps,MLS,,unavailable,,,,,,
2025-07-09,Colorado Rapids,MLS,,unavailable,,,,,,
2025-07-12,FC Dallas,MLS,,unavailable,,,,,,
2025-07-19,LA Galaxy,MLS,,unavailable,,,,,,
2025-07-25,Portland Timbers,MLS,,unavailable,,,,,,
2025-08-31,San Diego FC,MLS,,unavailable,,,,,,
2025-09-21,Real Salt Lake,MLS,,unavailable,,,,,,
2025-10-05,Atlanta United,MLS,,unavailable,,,,,,
2025-10-08,Toronto FC,MLS,,unavailable,,,,,,
2025-10-29,Austin FC,MLS Playoffs,,unavailable,,,,,,
2026-03-07,FC Dallas,MLS,,unavailable,,,,,,
2026-03-14,St. Louis City,MLS,,unavailable,,,,,,
2026-04-04,Orlando City,MLS,,unavailable,,,,,,
2026-04-19,San Jose Earthquakes,MLS,,unavailable,,,,,,
2026-04-22,Colorado Rapids,MLS,,unavailable,,,,,,
2026-05-10,Houston Dynamo,MLS,,unavailable,,,,,,
2026-07-22,Real Salt Lake,MLS,,unavailable,,,,,,
2026-07-25,Sporting Kansas City,MLS,,unavailable,,,,,,
2026-08-15,San Diego FC,MLS,,unavailable,,,,,,
2026-08-22,Portland Timbers,MLS,,unavailable,,,,,,
2026-09-09,New York Red Bulls,MLS,,unavailable,,,,,,
