date,opponent,competition,team,minute,added,half,scorer,kind,total_minute,note
2018-04-29,Seattle Sounders,MLS,LAFC,90,3,2,Ciman,open,93,
2018-05-05,FC Dallas,MLS,LAFC,9,,1,Beitashour,open,9,
2018-05-05,FC Dallas,MLS,OPP,55,,2,Urruti,open,55,
2018-05-09,Minnesota United,MLS,LAFC,31,,1,Atuesta,open,31,
2018-05-09,Minnesota United,MLS,LAFC,37,,1,Kaye,open,37,
2018-05-13,New York City FC,MLS,OPP,13,,1,Villa,open,13,
2018-05-13,New York City FC,MLS,LAFC,23,,1,Ibeagha,og,23,
2018-05-13,New York City FC,MLS,LAFC,66,,2,Vela,open,66,
2018-05-13,New York City FC,MLS,OPP,75,,2,Tajouri-Shradi,open,75,
2018-05-26,D.C. United,MLS,LAFC,39,,1,Rossi,open,39,
2018-05-26,D.C. United,MLS,OPP,84,,2,Mattocks,open,84,
2018-06-06,Fresno FC,US Open Cup,LAFC,,,2,Rossi,open,,2H
2018-06-06,Fresno FC,US Open Cup,LAFC,,,2,Blessing,open,,2H
2018-06-23,Columbus Crew,MLS,LAFC,4,,1,Ciman,open,4,
2018-06-23,Columbus Crew,MLS,LAFC,8,,1,Diomande,open,8,
2018-06-30,Philadelphia Union,MLS,OPP,45,,1,Picault,open,45,just before HT
2018-06-30,Philadelphia Union,MLS,LAFC,55,,2,Diomande,open,55,"approx, '10 minutes into second half'"
2018-06-30,Philadelphia Union,MLS,LAFC,90,,2,Blessing,open,90,stoppage time
2018-06-30,Philadelphia Union,MLS,LAFC,,,,Diomande,open,,
2018-06-30,Philadelphia Union,MLS,LAFC,,,,Diomande,open,,
2018-07-07,Orlando City,MLS,LAFC,28,,1,Diomande,open,28,
2018-07-07,Orlando City,MLS,LAFC,32,,1,Blessing,open,32,
2018-07-07,Orlando City,MLS,OPP,59,,2,Kljestan,open,59,
2018-07-07,Orlando City,MLS,LAFC,82,,2,Diomande,open,82,
2018-07-07,Orlando City,MLS,LAFC,84,,2,Rossi,open,84,
2018-07-26,LA Galaxy,MLS,LAFC,7,,1,Vela,open,7,
2018-07-26,LA Galaxy,MLS,LAFC,20,,1,Nguyen,open,20,
2018-07-26,LA Galaxy,MLS,OPP,82,,2,Alessandrini,open,82,
2018-07-26,LA Galaxy,MLS,OPP,86,,2,Kamara,open,86,
2018-08-11,Sporting Kansas City,MLS,OPP,17,,1,Gerso,open,17,
2018-08-11,Sporting Kansas City,MLS,OPP,66,,2,Ilie Sanchez,pen,66,
2018-08-15,Real Salt Lake,MLS,LAFC,13,,1,Ramirez,open,13,
2018-08-15,Real Salt Lake,MLS,LAFC,30,,1,Ramirez,open,30,
2018-08-19,Colorado Rapids,MLS,LAFC,49,,2,Nguyen,open,49,
2018-08-19,Colorado Rapids,MLS,LAFC,80,,2,Rossi,open,80,
2018-09-15,New England Revolution,MLS,LAFC,52,,2,Urena,open,52,
2018-09-15,New England Revolution,MLS,OPP,82,,2,Bye,open,82,
2018-09-22,San Jose Earthquakes,MLS,LAFC,41,,1,Zimmerman,open,41,
2018-09-22,San Jose Earthquakes,MLS,LAFC,68,,2,Zimmerman,open,68,
2018-10-12,Houston Dynamo,MLS,OPP,33,,1,Manotas,open,33,
2018-10-12,Houston Dynamo,MLS,LAFC,44,,1,Vela,pen,44,
2018-10-12,Houston Dynamo,MLS,LAFC,53,,2,Diomande,open,53,
2018-10-12,Houston Dynamo,MLS,LAFC,58,,2,Zimmerman,open,58,
2018-10-12,Houston Dynamo,MLS,LAFC,79,,2,Vela,open,79,
2018-10-12,Houston Dynamo,MLS,OPP,80,,2,Wenger,open,80,
2018-10-21,Vancouver Whitecaps,MLS,LAFC,5,,1,Rossi,open,5,
2018-10-21,Vancouver Whitecaps,MLS,LAFC,15,,1,Rossi,open,15,
2018-10-21,Vancouver Whitecaps,MLS,OPP,22,,1,Reyna,pen,22,
2018-10-21,Vancouver Whitecaps,MLS,OPP,65,,2,Mutch,open,65,
2018-11-01,Real Salt Lake,MLS Playoffs,OPP,21,,1,Kreilach,open,21,
2018-11-01,Real Salt Lake,MLS Playoffs,LAFC,31,,1,Danilo Silva,open,31,
2018-11-01,Real Salt Lake,MLS Playoffs,LAFC,54,,2,Ramirez,open,54,
2018-11-01,Real Salt Lake,MLS Playoffs,OPP,58,,2,Kreilach,open,58,
2018-11-01,Real Salt Lake,MLS Playoffs,OPP,69,,2,Savarino,open,69,
2019-03-03,Sporting Kansas City,MLS,OPP,16,,1,Nemeth,open,16,
2019-03-03,Sporting Kansas City,MLS,LAFC,47,,2,Rossi,open,47,
2019-03-03,Sporting Kansas City,MLS,LAFC,90,4,2,Diomande,open,94,
2019-03-10,Portland Timbers,MLS,LAFC,14,,1,Kaye,open,14,
2019-03-10,Portland Timbers,MLS,LAFC,45,,1,Ramirez,open,45,
2019-03-10,Portland Timbers,MLS,LAFC,65,,2,Diomande,open,65,
2019-03-10,Portland Timbers,MLS,LAFC,68,,2,Vela,open,68,
2019-03-10,Portland Timbers,MLS,OPP,,,1,Ebobisse,open,,1H
2019-03-23,Real Salt Lake,MLS,OPP,35,,1,Kreilach,pen,35,
2019-03-23,Real Salt Lake,MLS,LAFC,40,,1,Rossi,open,40,
2019-03-23,Real Salt Lake,MLS,LAFC,90,,2,Zimmerman,open,90,"stoppage time, added minutes unknown"
2019-04-13,FC Cincinnati,MLS,LAFC,32,,1,Kaye,open,32,
2019-04-13,FC Cincinnati,MLS,LAFC,90,3,2,Vela,open,93,
2019-04-21,Seattle Sounders,MLS,LAFC,12,,1,Vela,open,12,
2019-04-21,Seattle Sounders,MLS,LAFC,39,,1,Atuesta,open,39,
2019-04-21,Seattle Sounders,MLS,OPP,51,,2,Shipp,open,51,
2019-04-21,Seattle Sounders,MLS,LAFC,55,,2,Vela,open,55,
2019-04-21,Seattle Sounders,MLS,LAFC,61,,2,Ramirez,open,61,
2019-05-16,FC Dallas,MLS,LAFC,39,,1,Vela,open,39,
2019-05-16,FC Dallas,MLS,LAFC,83,,2,Rossi,open,83,
2019-05-24,Montreal Impact,MLS,LAFC,7,,1,Ramirez,open,7,
2019-05-24,Montreal Impact,MLS,LAFC,28,,1,Vela,open,28,
2019-05-24,Montreal Impact,MLS,LAFC,45,3,1,Blessing,open,48,MLS clip labels 48'; AoP says 3-0 at HT
2019-05-24,Montreal Impact,MLS,LAFC,55,,2,Blackmon,open,55,
2019-05-24,Montreal Impact,MLS,OPP,70,,2,Segura,og,70,
2019-05-24,Montreal Impact,MLS,OPP,84,,2,Taider,pen,84,
2019-07-06,Vancouver Whitecaps,MLS,OPP,5,,1,Reyna,open,5,
2019-07-06,Vancouver Whitecaps,MLS,LAFC,35,,1,Rose,og,35,
2019-07-06,Vancouver Whitecaps,MLS,LAFC,41,,1,Diomande,open,41,
2019-07-06,Vancouver Whitecaps,MLS,LAFC,46,,2,Kaye,open,46,
2019-07-06,Vancouver Whitecaps,MLS,LAFC,54,,2,Vela,open,54,
2019-07-06,Vancouver Whitecaps,MLS,LAFC,70,,2,Vela,open,70,
2019-07-06,Vancouver Whitecaps,MLS,LAFC,72,,2,Rossi,open,72,
2019-07-26,Atlanta United,MLS,OPP,2,,1,Adams,open,2,
2019-07-26,Atlanta United,MLS,LAFC,33,,1,Diomande,open,33,
2019-07-26,Atlanta United,MLS,LAFC,38,,1,Rossi,open,38,
2019-07-26,Atlanta United,MLS,LAFC,42,,1,Vela,pen,42,
2019-07-26,Atlanta United,MLS,LAFC,45,,1,Atuesta,open,45,
2019-07-26,Atlanta United,MLS,OPP,45,2,1,Martinez,open,47,
2019-07-26,Atlanta United,MLS,OPP,51,,2,Segura,og,51,
2019-08-11,New York Red Bulls,MLS,LAFC,23,,1,Harvey,open,23,
2019-08-11,New York Red Bulls,MLS,LAFC,25,,1,Blessing,open,25,
2019-08-11,New York Red Bulls,MLS,OPP,42,,1,Casseres,open,42,
2019-08-11,New York Red Bulls,MLS,OPP,45,,1,Miller,og,45,
2019-08-11,New York Red Bulls,MLS,LAFC,61,,2,Vela,pen,61,
2019-08-11,New York Red Bulls,MLS,LAFC,72,,2,Segura,open,72,
2019-08-21,San Jose Earthquakes,MLS,LAFC,6,,1,Rossi,open,6,
2019-08-21,San Jose Earthquakes,MLS,LAFC,18,,1,Vela,pen,18,
2019-08-21,San Jose Earthquakes,MLS,LAFC,41,,1,Vela,open,41,
2019-08-21,San Jose Earthquakes,MLS,LAFC,81,,2,Perez,open,81,
2019-08-25,LA Galaxy,MLS,OPP,2,,1,Ibrahimovic,open,2,
2019-08-25,LA Galaxy,MLS,LAFC,12,,1,Blessing,open,12,
2019-08-25,LA Galaxy,MLS,OPP,15,,1,Ibrahimovic,open,15,
2019-08-25,LA Galaxy,MLS,OPP,16,,1,Pavon,open,16,
2019-08-25,LA Galaxy,MLS,LAFC,45,1,1,Blessing,open,46,
2019-08-25,LA Galaxy,MLS,LAFC,53,,2,Vela,open,53,
2019-09-01,Minnesota United,MLS,OPP,25,,1,Toye,open,25,
2019-09-01,Minnesota United,MLS,OPP,29,,1,Toye,open,29,
2019-09-21,Toronto FC,MLS,OPP,19,,1,Endoh,open,19,
2019-09-21,Toronto FC,MLS,LAFC,90,5,2,Vela,pen,95,
2019-09-25,Houston Dynamo,MLS,LAFC,23,,1,Vela,pen,23,
2019-09-25,Houston Dynamo,MLS,OPP,28,,1,Miller,og,28,
2019-09-25,Houston Dynamo,MLS,LAFC,70,,2,Rossi,open,70,
2019-09-25,Houston Dynamo,MLS,LAFC,82,,2,Atuesta,open,82,
2019-10-06,Colorado Rapids,MLS,LAFC,28,,1,Vela,open,28,
2019-10-06,Colorado Rapids,MLS,LAFC,31,,1,Vela,open,31,
2019-10-06,Colorado Rapids,MLS,OPP,40,,1,Kamara,open,40,
2019-10-06,Colorado Rapids,MLS,LAFC,51,,2,Vela,open,51,
2019-10-24,LA Galaxy,MLS Playoffs,LAFC,15,,1,Vela,open,15,
2019-10-24,LA Galaxy,MLS Playoffs,LAFC,39,,1,Vela,open,39,
2019-10-24,LA Galaxy,MLS Playoffs,OPP,40,,1,Pavon,open,40,
2019-10-24,LA Galaxy,MLS Playoffs,OPP,54,,2,Ibrahimovic,open,54,
2019-10-24,LA Galaxy,MLS Playoffs,LAFC,65,,2,Rossi,open,65,
2019-10-24,LA Galaxy,MLS Playoffs,LAFC,67,,2,Diomande,open,67,
2019-10-24,LA Galaxy,MLS Playoffs,OPP,76,,2,Feltscher,open,76,
2019-10-24,LA Galaxy,MLS Playoffs,LAFC,,,2,Diomande,open,,"late, after 76'"
2019-10-29,Seattle Sounders,MLS Playoffs,LAFC,17,,1,Atuesta,open,17,
2019-10-29,Seattle Sounders,MLS Playoffs,OPP,22,,1,Ruidiaz,open,22,
2019-10-29,Seattle Sounders,MLS Playoffs,OPP,26,,1,Lodeiro,open,26,
2019-10-29,Seattle Sounders,MLS Playoffs,OPP,64,,2,Ruidiaz,open,64,
2020-03-01,Inter Miami,MLS,LAFC,44,,1,Vela,open,44,
2020-03-08,Philadelphia Union,MLS,OPP,29,,1,Santos,open,29,
2020-03-08,Philadelphia Union,MLS,LAFC,38,,1,Vela,open,38,
2020-03-08,Philadelphia Union,MLS,OPP,48,,2,Glesnes,open,48,
2020-03-08,Philadelphia Union,MLS,LAFC,49,,2,Rossi,open,49,
2020-03-08,Philadelphia Union,MLS,OPP,69,,2,Aaronson,open,69,
2020-03-08,Philadelphia Union,MLS,LAFC,71,,2,Segura,open,71,
2020-08-22,LA Galaxy,MLS,OPP,26,,1,Zubak,open,26,
2020-08-22,LA Galaxy,MLS,OPP,54,,2,Lletget,open,54,
2020-09-02,San Jose Earthquakes,MLS,LAFC,21,,1,Rossi,open,21,
2020-09-02,San Jose Earthquakes,MLS,LAFC,49,,2,Wright-Phillips,open,49,
2020-09-02,San Jose Earthquakes,MLS,LAFC,64,,2,Cifuentes,open,64,
2020-09-02,San Jose Earthquakes,MLS,LAFC,69,,2,Rossi,open,69,
2020-09-02,San Jose Earthquakes,MLS,LAFC,83,,2,Musovski,open,83,
2020-09-02,San Jose Earthquakes,MLS,OPP,,,,,open,,SJ goal minute unknown
2020-09-13,Portland Timbers,MLS,OPP,25,,1,Williamson,open,25,
2020-09-13,Portland Timbers,MLS,LAFC,37,,1,Kaye,open,37,
2020-09-13,Portland Timbers,MLS,LAFC,41,,1,Rossi,open,41,
2020-09-13,Portland Timbers,MLS,LAFC,45,1,1,Wright-Phillips,open,46,
2020-09-13,Portland Timbers,MLS,OPP,45,1,1,Ebobisse,open,46,
2020-09-13,Portland Timbers,MLS,LAFC,90,5,2,Musovski,open,95,
2020-09-23,Vancouver Whitecaps,MLS,LAFC,2,,1,Jakovic,open,2,
2020-09-23,Vancouver Whitecaps,MLS,LAFC,6,,1,Wright-Phillips,open,6,
2020-09-23,Vancouver Whitecaps,MLS,LAFC,11,,1,Wright-Phillips,open,11,
2020-09-23,Vancouver Whitecaps,MLS,LAFC,14,,1,Veselinovic,og,14,
2020-09-23,Vancouver Whitecaps,MLS,LAFC,,,,Rossi,open,,5-0 by 33'
2020-09-23,Vancouver Whitecaps,MLS,LAFC,,,,Rose,og,,
2020-09-27,San Jose Earthquakes,MLS,LAFC,45,,1,Kaye,open,45,
2020-09-27,San Jose Earthquakes,MLS,OPP,65,,2,Espinoza,pen,65,
2020-09-27,San Jose Earthquakes,MLS,OPP,90,3,2,Yueill,open,93,
2020-10-11,Seattle Sounders,MLS,LAFC,15,,1,Musovski,open,15,
2020-10-11,Seattle Sounders,MLS,LAFC,66,,2,Ginella,open,66,
2020-10-11,Seattle Sounders,MLS,OPP,77,,2,Lodeiro,open,77,
2020-10-11,Seattle Sounders,MLS,LAFC,84,,2,Musovski,open,84,
2020-10-25,LA Galaxy,MLS,LAFC,58,,2,Musovski,open,58,
2020-10-25,LA Galaxy,MLS,LAFC,90,,2,Vela,open,90,2H stoppage
2020-10-28,Houston Dynamo,MLS,LAFC,9,,1,Rossi,open,9,
2020-10-28,Houston Dynamo,MLS,LAFC,22,,1,Segura,open,22,
2020-10-28,Houston Dynamo,MLS,OPP,46,,2,Lassiter,open,46,
2020-11-08,Portland Timbers,MLS,LAFC,5,,1,Vela,open,5,
2020-11-08,Portland Timbers,MLS,OPP,90,,2,Villafana,open,90,
2021-04-17,Austin FC,MLS,LAFC,61,,2,Baird,open,61,
2021-04-17,Austin FC,MLS,LAFC,90,1,2,Cifuentes,open,91,
2021-04-24,Seattle Sounders,MLS,LAFC,2,,1,Atuesta,open,2,
2021-04-24,Seattle Sounders,MLS,OPP,54,,2,Smith,open,54,
2021-05-22,Colorado Rapids,MLS,LAFC,15,,1,Rossi,open,15,
2021-05-22,Colorado Rapids,MLS,LAFC,34,,1,Rossi,open,34,"'nearly 20 minutes later', approx"
2021-05-22,Colorado Rapids,MLS,OPP,49,,2,Barrios,open,49,"'less than five minutes into 2H', approx"
2021-05-29,New York City FC,MLS,LAFC,56,,2,Baird,open,56,
2021-05-29,New York City FC,MLS,OPP,70,,2,Medina,open,70,
2021-05-29,New York City FC,MLS,OPP,90,,2,Tajouri-Shradi,open,90,
2021-06-19,Houston Dynamo,MLS,LAFC,50,,2,Cifuentes,open,50,
2021-06-19,Houston Dynamo,MLS,OPP,58,,2,Urruti,open,58,
2021-06-23,FC Dallas,MLS,LAFC,4,,1,Vela,open,4,
2021-06-23,FC Dallas,MLS,LAFC,69,,2,Blessing,open,69,
2021-07-17,Real Salt Lake,MLS,LAFC,10,,1,Rossi,open,10,
2021-07-17,Real Salt Lake,MLS,OPP,18,,1,Herrera,open,18,
2021-07-17,Real Salt Lake,MLS,LAFC,79,,2,Vela,open,79,
2021-07-24,Vancouver Whitecaps,MLS,OPP,25,,1,Caicedo,open,25,
2021-07-24,Vancouver Whitecaps,MLS,OPP,38,,1,Dajome,open,38,
2021-07-24,Vancouver Whitecaps,MLS,LAFC,40,,1,Vela,open,40,
2021-07-24,Vancouver Whitecaps,MLS,LAFC,75,,2,Cifuentes,open,75,
2021-07-28,Minnesota United,MLS,LAFC,40,,1,Vela,open,40,
2021-07-28,Minnesota United,MLS,OPP,49,,2,Reynoso,open,49,
2021-07-28,Minnesota United,MLS,LAFC,77,,2,Blackmon,open,77,
2021-07-28,Minnesota United,MLS,OPP,90,5,2,Dotson,open,95,
2021-08-04,Sporting Kansas City,MLS,OPP,20,,1,Pulido,open,20,
2021-08-04,Sporting Kansas City,MLS,OPP,28,,1,Martins,open,28,
2021-08-04,Sporting Kansas City,MLS,OPP,36,,1,Salloi,open,36,
2021-08-04,Sporting Kansas City,MLS,OPP,58,,2,Kinda,open,58,
2021-08-04,Sporting Kansas City,MLS,LAFC,82,,2,Musovski,open,82,
2021-08-28,LA Galaxy,MLS,OPP,20,,1,Joveljic,open,20,
2021-08-28,LA Galaxy,MLS,LAFC,45,,1,Arango,pen,45,just before HT
2021-08-28,LA Galaxy,MLS,OPP,64,,2,Joveljic,open,64,
2021-08-28,LA Galaxy,MLS,LAFC,65,,2,Rodriguez,open,65,
2021-08-28,LA Galaxy,MLS,LAFC,67,,2,Rodriguez,open,67,
2021-08-28,LA Galaxy,MLS,OPP,86,,2,Cabral,open,86,
2021-09-03,Sporting Kansas City,MLS,LAFC,18,,1,Fall,open,18,
2021-09-03,Sporting Kansas City,MLS,LAFC,71,,2,Arango,open,71,
2021-09-03,Sporting Kansas City,MLS,LAFC,87,,2,Atuesta,pen,87,
2021-09-03,Sporting Kansas City,MLS,LAFC,,,1,Fall,open,,1H? either side of Espinoza red
2021-09-12,Real Salt Lake,MLS,LAFC,1,,1,Arango,open,1,
2021-09-12,Real Salt Lake,MLS,OPP,28,,1,Kreilach,open,28,
2021-09-12,Real Salt Lake,MLS,OPP,48,,2,Julio,open,48,
2021-09-12,Real Salt Lake,MLS,LAFC,59,,2,Datkovic,og,59,
2021-09-12,Real Salt Lake,MLS,LAFC,,,1,Arango,open,,1H
2021-09-29,Portland Timbers,MLS,OPP,45,,1,Chara,open,45,
2021-09-29,Portland Timbers,MLS,LAFC,55,,2,Musovski,open,55,
2021-09-29,Portland Timbers,MLS,OPP,59,,2,Asprilla,open,59,
2021-10-16,San Jose Earthquakes,MLS,LAFC,3,,1,Musovski,open,3,
2021-10-16,San Jose Earthquakes,MLS,LAFC,28,,1,Arango,pen,28,
2021-10-16,San Jose Earthquakes,MLS,OPP,61,,2,Fierro,open,61,
2021-10-16,San Jose Earthquakes,MLS,LAFC,88,,2,Arango,open,88,
2021-10-26,Seattle Sounders,MLS,LAFC,21,,1,Rodriguez,open,21,
2021-10-26,Seattle Sounders,MLS,LAFC,45,3,1,Blessing,open,48,
2021-10-26,Seattle Sounders,MLS,LAFC,51,,2,Arango,open,51,
2021-11-02,Vancouver Whitecaps,MLS,OPP,14,,1,Dajome,open,14,
2021-11-02,Vancouver Whitecaps,MLS,LAFC,45,,1,Fall,open,45,right before HT
2022-02-26,Colorado Rapids,MLS,LAFC,29,,1,Vela,pen,29,
2022-02-26,Colorado Rapids,MLS,LAFC,35,,1,Vela,open,35,
2022-02-26,Colorado Rapids,MLS,LAFC,50,,2,Vela,open,50,
2022-03-06,Portland Timbers,MLS,OPP,18,,1,Chara,open,18,
2022-03-06,Portland Timbers,MLS,LAFC,90,,2,Fall,open,90,just before final whistle
2022-03-20,Vancouver Whitecaps,MLS,OPP,12,,1,Blackmon,open,12,
2022-03-20,Vancouver Whitecaps,MLS,LAFC,27,,1,Hollingshead,open,27,
2022-03-20,Vancouver Whitecaps,MLS,LAFC,38,,1,Vela,open,38,
2022-03-20,Vancouver Whitecaps,MLS,LAFC,70,,2,Hollingshead,open,70,
2022-04-17,Sporting Kansas City,MLS,LAFC,70,,2,Tajouri-Shradi,open,70,
2022-04-17,Sporting Kansas City,MLS,LAFC,,,,Arango,open,,
2022-04-17,Sporting Kansas City,MLS,LAFC,,,,Cifuentes,open,,
2022-04-17,Sporting Kansas City,MLS,OPP,,,,Palacios,og,,
2022-05-01,Minnesota United,MLS,LAFC,82,,2,Hollingshead,open,82,
2022-05-01,Minnesota United,MLS,LAFC,90,,2,Cifuentes,open,90,
2022-05-07,Philadelphia Union,MLS,OPP,9,,1,Gazdag,open,9,
2022-05-07,Philadelphia Union,MLS,LAFC,56,,2,Opoku,open,56,
2022-05-07,Philadelphia Union,MLS,OPP,67,,2,Carranza,open,67,
2022-05-07,Philadelphia Union,MLS,LAFC,82,,2,Escobar,open,82,
2022-05-08,Real Salt Lake,MLS,LAFC,49,,2,Hollingshead,open,49,
2022-05-08,Real Salt Lake,MLS,LAFC,68,,2,Arango,open,68,
2022-05-18,Austin FC,MLS,OPP,13,,1,Gabrielsen,open,13,
2022-05-18,Austin FC,MLS,OPP,80,,2,Fagundez,open,80,
2022-05-18,Austin FC,MLS,LAFC,86,,2,Vela,pen,86,
2022-05-28,San Jose Earthquakes,MLS,LAFC,7,,1,Arango,pen,7,
2022-05-28,San Jose Earthquakes,MLS,LAFC,13,,1,Hollingshead,open,13,
2022-05-28,San Jose Earthquakes,MLS,OPP,16,,1,Ebobisse,open,16,
2022-05-28,San Jose Earthquakes,MLS,OPP,31,,1,Ebobisse,open,31,
2022-05-28,San Jose Earthquakes,MLS,LAFC,47,,2,Rodriguez,open,47,
2022-06-26,New York Red Bulls,MLS,LAFC,67,,2,Arango,open,67,
2022-06-26,New York Red Bulls,MLS,LAFC,70,,2,Palacios,open,70,
2022-06-29,FC Dallas,MLS,LAFC,23,,1,Musovski,open,23,
2022-06-29,FC Dallas,MLS,OPP,38,,1,Ferreira,open,38,
2022-06-29,FC Dallas,MLS,LAFC,57,,2,Arango,open,57,
2022-06-29,FC Dallas,MLS,LAFC,86,,2,Opoku,open,86,
2022-07-08,LA Galaxy,MLS,LAFC,17,,1,Cifuentes,open,17,
2022-07-08,LA Galaxy,MLS,OPP,55,,2,Grandsir,open,55,
2022-07-08,LA Galaxy,MLS,LAFC,70,,2,Cifuentes,open,70,
2022-07-08,LA Galaxy,MLS,LAFC,72,,2,Arango,open,72,
2022-07-08,LA Galaxy,MLS,OPP,81,,2,Raveloson,open,81,
2022-07-29,Seattle Sounders,MLS,OPP,14,,1,Murillo,og,14,
2022-07-29,Seattle Sounders,MLS,LAFC,34,,1,Opoku,open,34,
2022-07-29,Seattle Sounders,MLS,LAFC,44,,1,Vela,open,44,
2022-08-13,Charlotte FC,MLS,LAFC,49,,2,Murillo,open,49,
2022-08-13,Charlotte FC,MLS,LAFC,59,,2,Cifuentes,open,59,
2022-08-13,Charlotte FC,MLS,LAFC,73,,2,Vela,open,73,
2022-08-13,Charlotte FC,MLS,LAFC,76,,2,Arango,open,76,
2022-08-13,Charlotte FC,MLS,LAFC,90,2,2,Walkes,og,92,
2022-08-16,D.C. United,MLS,LAFC,67,,2,Opoku,open,67,
2022-09-18,Houston Dynamo,MLS,LAFC,8,,1,Vela,pen,8,
2022-09-18,Houston Dynamo,MLS,OPP,24,,1,Baird,open,24,
2022-09-18,Houston Dynamo,MLS,LAFC,45,,1,Vela,pen,45,1H stoppage
2022-09-18,Houston Dynamo,MLS,LAFC,52,,2,Hollingshead,open,52,
2022-10-09,Nashville SC,MLS,OPP,53,,2,Bunbury,open,53,
2022-10-20,LA Galaxy,MLS Playoffs,LAFC,23,,1,Bouanga,open,23,
2022-10-20,LA Galaxy,MLS Playoffs,OPP,44,,1,Grandsir,open,44,
2022-10-20,LA Galaxy,MLS Playoffs,LAFC,80,,2,Bouanga,open,80,
2022-10-20,LA Galaxy,MLS Playoffs,OPP,85,,2,Joveljic,open,85,
2022-10-20,LA Galaxy,MLS Playoffs,LAFC,90,3,2,Arango,open,93,
2022-10-30,Austin FC,MLS Playoffs,LAFC,29,,1,Arango,open,29,
2022-10-30,Austin FC,MLS Playoffs,LAFC,62,,2,Urruti,og,62,
2022-10-30,Austin FC,MLS Playoffs,LAFC,81,,2,Opoku,open,81,
2022-11-05,Philadelphia Union,MLS Cup Final,LAFC,28,,1,Acosta,open,28,
2022-11-05,Philadelphia Union,MLS Cup Final,OPP,59,,2,Gazdag,open,59,
2022-11-05,Philadelphia Union,MLS Cup Final,LAFC,83,,2,Murillo,open,83,
2022-11-05,Philadelphia Union,MLS Cup Final,OPP,85,,2,Elliott,open,85,
2023-03-04,Portland Timbers,MLS,LAFC,24,,1,Chiellini,open,24,
2023-03-04,Portland Timbers,MLS,LAFC,34,,1,Vela,pen,34,
2023-03-04,Portland Timbers,MLS,LAFC,52,,2,Opoku,open,52,
2023-03-04,Portland Timbers,MLS,OPP,84,,2,Paredes,open,84,
2023-03-04,Portland Timbers,MLS,OPP,,,2,Evander,open,,2H
2023-03-12,New England Revolution,MLS,LAFC,14,,1,Bouanga,pen,14,
2023-03-12,New England Revolution,MLS,LAFC,67,,2,Bouanga,open,67,
2023-03-12,New England Revolution,MLS,LAFC,83,,2,Tillman,open,83,
2023-03-12,New England Revolution,MLS,LAFC,90,6,2,Biuk,open,96,
2023-03-25,FC Dallas,MLS,LAFC,3,,1,Tillman,open,3,
2023-03-25,FC Dallas,MLS,OPP,73,,2,Tafari,open,73,
2023-03-25,FC Dallas,MLS,LAFC,84,,2,Bouanga,open,84,
2023-04-08,Austin FC,MLS,LAFC,40,,1,Bouanga,open,40,
2023-04-08,Austin FC,MLS,LAFC,57,,2,Bouanga,open,57,
2023-04-08,Austin FC,MLS,LAFC,68,,2,Bouanga,open,68,
2023-05-17,Sporting Kansas City,MLS,LAFC,13,,1,Bouanga,open,13,
2023-05-17,Sporting Kansas City,MLS,OPP,20,,1,Russell,open,20,
2023-05-20,San Jose Earthquakes,MLS,LAFC,3,,1,Biuk,open,3,
2023-05-20,San Jose Earthquakes,MLS,OPP,52,,2,Trauco,open,52,
2023-05-20,San Jose Earthquakes,MLS,LAFC,90,,2,Vela,pen,90,2H stoppage
2023-06-14,Houston Dynamo,MLS,OPP,23,,1,Micael,open,23,
2023-06-21,Seattle Sounders,MLS,LAFC,1,,1,Bogusz,open,1,
2023-06-24,Vancouver Whitecaps,MLS,OPP,2,,1,Veselinovic,open,2,
2023-06-24,Vancouver Whitecaps,MLS,OPP,23,,1,White,open,23,
2023-06-24,Vancouver Whitecaps,MLS,LAFC,45,,1,Bouanga,open,45,
2023-06-24,Vancouver Whitecaps,MLS,OPP,63,,2,Gauld,open,63,
2023-06-24,Vancouver Whitecaps,MLS,LAFC,68,,2,Vela,open,68,
2023-07-08,San Jose Earthquakes,MLS,OPP,30,,1,Espinoza,open,30,
2023-07-08,San Jose Earthquakes,MLS,LAFC,37,,1,Bouanga,pen,37,
2023-07-12,St. Louis City,MLS,LAFC,72,,2,Vela,open,72,
2023-07-12,St. Louis City,MLS,LAFC,82,,2,Biuk,open,82,
2023-07-12,St. Louis City,MLS,LAFC,90,2,2,Cifuentes,open,92,
2023-08-23,Colorado Rapids,MLS,LAFC,19,,1,Bogusz,open,19,
2023-08-23,Colorado Rapids,MLS,LAFC,29,,1,Vela,open,29,
2023-08-23,Colorado Rapids,MLS,LAFC,36,,1,Hollingshead,open,36,
2023-08-23,Colorado Rapids,MLS,LAFC,83,,2,Olivera,open,83,
2023-09-03,Inter Miami,MLS,OPP,14,,1,Farias,open,14,
2023-09-03,Inter Miami,MLS,OPP,51,,2,Alba,open,51,
2023-09-03,Inter Miami,MLS,OPP,83,,2,Campana,open,83,
2023-09-03,Inter Miami,MLS,LAFC,90,,2,Hollingshead,open,90,
2023-09-16,LA Galaxy,MLS,LAFC,24,,1,Bouanga,open,24,
2023-09-16,LA Galaxy,MLS,OPP,25,,1,Sharp,open,25,
2023-09-16,LA Galaxy,MLS,LAFC,33,,1,Hollingshead,open,33,
2023-09-16,LA Galaxy,MLS,OPP,59,,2,Yoshida,open,59,
2023-09-16,LA Galaxy,MLS,LAFC,75,,2,Bouanga,open,75,
2023-09-16,LA Galaxy,MLS,LAFC,84,,2,Tillman,open,84,
2023-10-01,Real Salt Lake,MLS,OPP,72,,2,Arango,open,72,
2023-10-04,Minnesota United,MLS,OPP,4,,1,Dotson,open,4,
2023-10-04,Minnesota United,MLS,LAFC,6,,1,Bouanga,open,6,
2023-10-04,Minnesota United,MLS,LAFC,36,,1,Bouanga,open,36,
2023-10-04,Minnesota United,MLS,LAFC,45,,1,Bouanga,open,45,1H stoppage
2023-10-04,Minnesota United,MLS,LAFC,46,,2,Tapias,og,46,
2023-10-04,Minnesota United,MLS,LAFC,67,,2,Krastev,open,67,
2023-10-28,Vancouver Whitecaps,MLS Playoffs,LAFC,18,,1,Hollingshead,open,18,
2023-10-28,Vancouver Whitecaps,MLS Playoffs,OPP,27,,1,White,open,27,
2023-10-28,Vancouver Whitecaps,MLS Playoffs,LAFC,29,,1,Bouanga,open,29,
2023-10-28,Vancouver Whitecaps,MLS Playoffs,OPP,40,,1,Adekugbe,open,40,
2023-10-28,Vancouver Whitecaps,MLS Playoffs,LAFC,52,,2,Hollingshead,open,52,
2023-10-28,Vancouver Whitecaps,MLS Playoffs,LAFC,64,,2,Bouanga,open,64,
2023-10-28,Vancouver Whitecaps,MLS Playoffs,LAFC,80,,2,Murillo,open,80,
2023-12-02,Houston Dynamo,MLS Playoffs,LAFC,44,,1,Hollingshead,open,44,
2023-12-02,Houston Dynamo,MLS Playoffs,LAFC,80,,2,Escobar,og,80,
2024-02-24,Seattle Sounders,MLS,LAFC,45,,1,Tillman,open,45,
2024-02-24,Seattle Sounders,MLS,LAFC,55,,2,Bogusz,open,55,
2024-02-24,Seattle Sounders,MLS,OPP,73,,2,De la Vega,pen,73,
2024-03-23,Nashville SC,MLS,LAFC,9,,1,Tillman,open,9,
2024-03-23,Nashville SC,MLS,LAFC,18,,1,Bouanga,pen,18,
2024-03-23,Nashville SC,MLS,LAFC,47,,2,Bouanga,open,47,
2024-03-23,Nashville SC,MLS,LAFC,74,,2,Olivera,open,74,
2024-03-23,Nashville SC,MLS,LAFC,90,5,2,Atuesta,open,95,
2024-04-20,New York Red Bulls,MLS,OPP,8,,1,Segura,og,8,
2024-04-20,New York Red Bulls,MLS,LAFC,67,,2,Bouanga,pen,67,
2024-04-20,New York Red Bulls,MLS,OPP,81,,2,Forsberg,open,81,
2024-04-20,New York Red Bulls,MLS,LAFC,90,5,2,Bouanga,open,95,
2024-04-27,Portland Timbers,MLS,LAFC,44,,1,Miller,og,44,
2024-04-27,Portland Timbers,MLS,LAFC,45,5,1,Tillman,open,50,
2024-04-27,Portland Timbers,MLS,OPP,65,,2,Rodriguez,open,65,
2024-04-27,Portland Timbers,MLS,OPP,73,,2,Moreno,open,73,
2024-04-27,Portland Timbers,MLS,LAFC,90,2,2,Bouanga,open,92,
2024-05-11,Vancouver Whitecaps,MLS,LAFC,18,,1,Olivera,open,18,
2024-05-11,Vancouver Whitecaps,MLS,LAFC,36,,1,Olivera,open,36,
2024-05-11,Vancouver Whitecaps,MLS,LAFC,57,,2,Bogusz,open,57,
2024-05-29,Minnesota United,MLS,LAFC,37,,1,Bouanga,pen,37,
2024-05-29,Minnesota United,MLS,LAFC,82,,2,Bogusz,open,82,
2024-06-01,FC Dallas,MLS,LAFC,74,,2,Bouanga,open,74,
2024-06-22,San Jose Earthquakes,MLS,LAFC,15,,1,Bogusz,open,15,
2024-06-22,San Jose Earthquakes,MLS,LAFC,26,,1,Bouanga,open,26,
2024-06-22,San Jose Earthquakes,MLS,LAFC,33,,1,Kamara,open,33,
2024-06-22,San Jose Earthquakes,MLS,LAFC,42,,1,Hollingshead,open,42,
2024-06-22,San Jose Earthquakes,MLS,OPP,45,3,1,Rodrigues,open,48,
2024-06-22,San Jose Earthquakes,MLS,LAFC,48,,2,Bogusz,open,48,
2024-06-22,San Jose Earthquakes,MLS,OPP,59,,2,Kikanovic,open,59,
2024-06-22,San Jose Earthquakes,MLS,LAFC,87,,2,Angel,open,87,
2024-06-29,Colorado Rapids,MLS,LAFC,20,,1,Bogusz,open,20,
2024-06-29,Colorado Rapids,MLS,LAFC,58,,2,Bogusz,open,58,
2024-06-29,Colorado Rapids,MLS,LAFC,72,,2,Bogusz,open,72,
2024-07-13,Columbus Crew,MLS,OPP,38,,1,Ramirez,open,38,
2024-07-13,Columbus Crew,MLS,OPP,56,,2,Hernandez,open,56,
2024-07-13,Columbus Crew,MLS,OPP,60,,2,Rossi,open,60,
2024-07-13,Columbus Crew,MLS,OPP,89,,2,Matan,open,89,
2024-07-13,Columbus Crew,MLS,OPP,,,2,Hernandez,open,,2H
2024-07-13,Columbus Crew,MLS,LAFC,,,2,Ordaz,open,,2H
2024-07-17,Real Salt Lake,MLS,LAFC,5,,1,Olivera,open,5,
2024-07-17,Real Salt Lake,MLS,OPP,33,,1,Vera,open,33,
2024-08-31,Houston Dynamo,MLS,OPP,,,,Ponce,open,,
2024-08-31,Houston Dynamo,MLS,OPP,,,,Ennali,open,,
2024-09-18,Austin FC,MLS,OPP,45,2,1,Obrian,open,47,
2024-09-18,Austin FC,MLS,LAFC,62,,2,Martinez,open,62,
2024-09-25,Sporting Kansas City,US Open Cup,LAFC,53,,2,Giroud,open,53,
2024-09-25,Sporting Kansas City,US Open Cup,OPP,60,,2,Thommy,open,60,
2024-10-02,St. Louis City,MLS,LAFC,45,1,1,Bouanga,open,46,
2024-10-19,San Jose Earthquakes,MLS,OPP,9,,1,Yueill,open,9,
2024-10-19,San Jose Earthquakes,MLS,LAFC,63,,2,Bouanga,open,63,
2024-10-19,San Jose Earthquakes,MLS,LAFC,74,,2,Atuesta,open,74,
2024-10-19,San Jose Earthquakes,MLS,LAFC,90,1,2,Marlon,open,91,
2024-10-27,Vancouver Whitecaps,MLS Playoffs,LAFC,30,,1,Bouanga,pen,30,
2024-10-27,Vancouver Whitecaps,MLS Playoffs,LAFC,57,,2,Olivera,open,57,
2024-10-27,Vancouver Whitecaps,MLS Playoffs,OPP,90,4,2,Gauld,open,94,
2024-11-08,Vancouver Whitecaps,MLS Playoffs,LAFC,62,,2,Bogusz,open,62,
2024-11-23,Seattle Sounders,MLS Playoffs,LAFC,50,,2,Hollingshead,open,50,
2024-11-23,Seattle Sounders,MLS Playoffs,OPP,59,,2,Chanot,og,59,
2025-02-22,Minnesota United,MLS,LAFC,78,,2,Ebobisse,open,78,
2025-03-01,New York City FC,MLS,LAFC,86,,2,Hollingshead,open,86,
2025-03-15,Austin FC,MLS,OPP,12,,1,Biro,open,12,
2025-04-12,San Jose Earthquakes,MLS,LAFC,65,,2,Palencia,open,65,
2025-04-12,San Jose Earthquakes,MLS,LAFC,86,,2,Bouanga,open,86,
2025-04-12,San Jose Earthquakes,MLS,OPP,90,5,2,Espinoza,open,95,
2025-04-27,St. Louis City,MLS,OPP,52,,2,Teuchert,open,52,
2025-04-27,St. Louis City,MLS,LAFC,64,,2,Bouanga,open,64,
2025-04-27,St. Louis City,MLS,OPP,83,,2,,og,83,"approx, final seven minutes"
2025-04-27,St. Louis City,MLS,LAFC,90,,2,Bouanga,open,90,stoppage
2025-05-03,Houston Dynamo,MLS,LAFC,10,,1,Ordaz,open,10,
2025-05-03,Houston Dynamo,MLS,LAFC,79,,2,Ebobisse,open,79,
2025-05-14,Seattle Sounders,MLS,LAFC,26,,1,Under,open,26,
2025-05-14,Seattle Sounders,MLS,LAFC,51,,2,Ebobisse,open,51,
2025-05-14,Seattle Sounders,MLS,LAFC,81,,2,Bouanga,open,81,
2025-05-14,Seattle Sounders,MLS,LAFC,86,,2,Yeboah,open,86,
2025-06-08,Sporting Kansas City,MLS,OPP,39,,1,Joveljic,open,39,
2025-06-08,Sporting Kansas City,MLS,LAFC,45,1,1,Segura,open,46,
2025-06-08,Sporting Kansas City,MLS,LAFC,59,,2,Bouanga,pen,59,
2025-06-08,Sporting Kansas City,MLS,LAFC,90,3,2,Giroud,open,93,
2025-06-29,Vancouver Whitecaps,MLS,OPP,20,,1,Sabbi,open,20,
2025-07-09,Colorado Rapids,MLS,LAFC,42,,1,Bouanga,pen,42,
2025-07-09,Colorado Rapids,MLS,LAFC,48,,2,Ordaz,open,48,
2025-07-09,Colorado Rapids,MLS,LAFC,59,,2,Dilrosun,open,59,
2025-07-12,FC Dallas,MLS,LAFC,31,,1,Ordaz,open,31,
2025-07-12,FC Dallas,MLS,LAFC,,,1,Bouanga,pen,,late 1H
2025-07-19,LA Galaxy,MLS,LAFC,26,,1,Bouanga,open,26,
2025-07-19,LA Galaxy,MLS,LAFC,31,,1,Dilrosun,open,31,
2025-07-19,LA Galaxy,MLS,OPP,36,,1,Pec,pen,36,
2025-07-19,LA Galaxy,MLS,OPP,90,7,2,Yoshida,open,97,
2025-07-19,LA Galaxy,MLS,LAFC,,,2,Bouanga,open,,"2H, 3-1 by 67'"
2025-07-19,LA Galaxy,MLS,OPP,,,2,Pec,open,,2H
2025-07-25,Portland Timbers,MLS,OPP,45,,1,Paredes,open,45,just before HT
2025-08-31,San Diego FC,MLS,LAFC,15,,1,Bouanga,open,15,
2025-08-31,San Diego FC,MLS,OPP,33,,1,Lozano,open,33,
2025-08-31,San Diego FC,MLS,OPP,,,2,Dreyer,open,,2H
2025-09-21,Real Salt Lake,MLS,OPP,14,,1,Vera,open,14,
2025-09-21,Real Salt Lake,MLS,LAFC,45,,1,Son,open,45,1H stoppage
2025-09-21,Real Salt Lake,MLS,LAFC,73,,2,Bouanga,open,73,
2025-09-21,Real Salt Lake,MLS,LAFC,87,,2,Bouanga,open,87,
2025-09-21,Real Salt Lake,MLS,LAFC,,,1,Bouanga,open,,1H
2025-10-05,Atlanta United,MLS,LAFC,86,,2,Bouanga,open,86,
2025-10-08,Toronto FC,MLS,LAFC,13,,1,Ebobisse,open,13,
2025-10-08,Toronto FC,MLS,LAFC,69,,2,Amaya,open,69,
2025-10-29,Austin FC,MLS Playoffs,LAFC,20,,1,Hines-Ike,og,20,
2025-10-29,Austin FC,MLS Playoffs,OPP,63,,2,Gallagher,open,63,
2025-10-29,Austin FC,MLS Playoffs,LAFC,79,,2,Ordaz,open,79,
2026-03-07,FC Dallas,MLS,LAFC,56,,2,Martinez,open,56,
2026-03-14,St. Louis City,MLS,LAFC,73,,2,Choiniere,open,73,
2026-03-14,St. Louis City,MLS,LAFC,81,,2,Choiniere,open,81,
2026-04-04,Orlando City,MLS,LAFC,7,,1,Brekalo,og,7,
2026-04-04,Orlando City,MLS,LAFC,20,,1,Bouanga,open,20,
2026-04-04,Orlando City,MLS,LAFC,23,,1,Bouanga,open,23,
2026-04-04,Orlando City,MLS,LAFC,28,,1,Bouanga,open,28,
2026-04-04,Orlando City,MLS,LAFC,39,,1,Palencia,open,39,
2026-04-04,Orlando City,MLS,LAFC,70,,2,Boyd,open,70,
2026-04-19,San Jose Earthquakes,MLS,OPP,53,,2,Bouda,open,53,
2026-04-19,San Jose Earthquakes,MLS,OPP,56,,2,Werner,open,56,
2026-04-19,San Jose Earthquakes,MLS,OPP,59,,2,Porteous,og,59,
2026-04-19,San Jose Earthquakes,MLS,OPP,80,,2,Bouda,open,80,
2026-04-19,San Jose Earthquakes,MLS,LAFC,,,2,,open,,2H
2026-05-10,Houston Dynamo,MLS,OPP,25,,1,McGlynn,open,25,
2026-05-10,Houston Dynamo,MLS,OPP,34,,1,Guilherme,open,34,
2026-05-10,Houston Dynamo,MLS,LAFC,45,,1,Ordaz,open,45,just before HT
2026-05-10,Houston Dynamo,MLS,OPP,51,,2,Bogusz,open,51,
2026-05-10,Houston Dynamo,MLS,OPP,55,,2,McGlynn,open,55,
2026-07-22,Real Salt Lake,MLS,LAFC,12,,1,Son,open,12,
2026-07-22,Real Salt Lake,MLS,LAFC,40,,1,Bouanga,open,40,
2026-07-22,Real Salt Lake,MLS,LAFC,68,,2,Yedlin,og,68,
2026-07-22,Real Salt Lake,MLS,OPP,86,,2,Engel,open,86,
2026-07-25,Sporting Kansas City,MLS,LAFC,5,,1,Son,open,5,
2026-07-25,Sporting Kansas City,MLS,LAFC,37,,1,Bouanga,open,37,
2026-07-25,Sporting Kansas City,MLS,LAFC,45,4,1,Martinez,open,49,
2026-07-25,Sporting Kansas City,MLS,LAFC,85,,2,Bouanga,open,85,
2026-08-15,San Diego FC,MLS,OPP,88,,2,Dreyer,pen,88,
2026-08-22,Portland Timbers,MLS,OPP,4,,1,Da Costa,open,4,
2026-08-22,Portland Timbers,MLS,LAFC,79,,2,Bouanga,open,79,
2026-09-09,New York Red Bulls,MLS,LAFC,21,,1,Terry,open,21,
2026-09-09,New York Red Bulls,MLS,LAFC,90,6,2,Sieb,open,96,
