date,season,opponent,competition,venue,kickoff_local,attendance,fans,extra_time_played,ft_lafc,ft_opp,ht_lafc,ht_opp,h1_total,h2_lafc,h2_opp,red_cards,red_lafc,red_opp,goal_minutes_missing,confidence,todo,note,attacking_end_1h,direction_status,sources,first_half_direction,verification_source,verification_note,first_half_screen_direction,verification_confidence
2018-04-29,2018,Seattle Sounders,MLS,Banc of California / BMO Stadium,,22000,True,False,1,0,0,0,0,1,0,0,0,0,0,high,,,unknown,unverified,https://www.espn.com/soccer/match?gameId=502658,Unverified,,network_blocked,,
2018-05-05,2018,FC Dallas,MLS,Banc of California / BMO Stadium,,22000,True,False,1,1,1,0,1,0,1,0,0,0,0,high,,,unknown,unverified,https://www.espn.com/soccer/match/_/gameId/502653/fc-dallas-lafc | https://www.fcdallas.com/news/match-recap-fc-dallas-1-los-angeles-football-club-1-5518,Unverified,,network_blocked,,
2018-05-09,2018,Minnesota United,MLS,Banc of California / BMO Stadium,,22000,True,False,2,0,2,0,2,0,0,0,0,0,0,high,,,unknown,unverified,https://www.espn.com/soccer/match/_/gameId/502642/minnesota-united-fc-lafc,Unverified,,network_blocked,,
2018-05-13,2018,New York City FC,MLS,Banc of California / BMO Stadium,,,True,False,2,2,1,1,2,1,1,0,0,0,0,high,,,unknown,unverified,https://www.espn.com/soccer/match/_/gameId/502631/new-york-city-fc-lafc | https://www.nycfc.com/post/2018/05/13/match-recap-lafc-2-2-nycfc,Unverified,,network_blocked:short_circuit,,
2018-05-26,2018,D.C. United,MLS,Banc of California / BMO Stadium,,22000,True,False,1,1,1,0,1,0,1,1,1,0,0,high,,,unknown,unverified,https://www.espn.com/soccer/match/_/gameId/502608/dc-united-lafc | https://www.blackandredunited.com/2018/5/27/17399484/lafc-dc-united-2018-mls-recap-final-score-highlights-ismail-elfath,Unverified,,network_blocked:short_circuit,,
2018-06-06,2018,Fresno FC,US Open Cup,Banc of California / BMO Stadium,,,True,False,2,0,0,0,0,2,0,0,0,0,2,low,minutes,,unknown,unverified,https://thecup.us/2018/06/07/2018-us-open-cup-round-4-los-angeles-fc-win-tournament-debut-2-0-over-fresno-fc/,Unverified,,network_blocked:short_circuit,,
2018-06-20,2018,Sacramento Republic,US Open Cup,Banc of California / BMO Stadium,,,True,False,,,0,0,0,,,0,0,0,0,low,all,,unknown,unverified,,Unverified,,network_blocked:short_circuit,,
2018-06-23,2018,Columbus Crew,MLS,Banc of California / BMO Stadium,,22000,True,False,2,0,2,0,2,0,0,0,0,0,0,medium,,FOX summary earlier said Diomande 89'; ESPN/AoP say 4' and 8'. Verify.,unknown,unverified,https://www.espn.com/soccer/match?gameId=502569 | https://www.angelsonparade.com/2018/6/23/17498188/lafc-2-columbus-crew-0-final-score-result-recap-laurent-ciman-adams-diomande,Unverified,,network_blocked:short_circuit,,
2018-06-30,2018,Philadelphia Union,MLS,Banc of California / BMO Stadium,,,True,False,4,1,2,1,3,2,0,0,0,0,2,low,minutes,,unknown,unverified,https://phillysoccerpage.net/2018/06/30/match-report-lafc-4-1-philadelphia-union/ | https://www.mlssoccer.com/news/los-angeles-football-club-4-philadelphia-union-1-2018-mls-match-recap,Unverified,,network_blocked:short_circuit,,
2018-07-07,2018,Orlando City,MLS,Banc of California / BMO Stadium,,,True,False,4,1,2,0,2,2,1,0,0,0,0,high,,,unknown,unverified,https://www.espn.com/soccer/match/_/gameId/502548/orlando-city-sc-lafc,Unverified,,network_blocked:short_circuit,,
2018-07-15,2018,Portland Timbers,MLS,Banc of California / BMO Stadium,15:00,,True,False,0,0,0,0,0,0,0,1,1,0,0,high,,,unknown,unverified,https://www.timbers.com/news/match-recap-los-angeles-fc-0-portland-timbers-0 | https://www.espn.com/soccer/match?gameId=502526,Unverified,,network_blocked:short_circuit,,
2018-07-18,2018,Portland Timbers,US Open Cup,Banc of California / BMO Stadium,,17898,True,False,3,2,0,0,0,3,2,0,0,0,0,low,minutes,,unknown,unverified,https://www.lafc.com/club/competitions/open-cup/2018,Unverified,,network_blocked:short_circuit,,
2018-07-26,2018,LA Galaxy,MLS,Banc of California / BMO Stadium,,,True,False,2,2,2,0,2,0,2,0,0,0,0,high,,,unknown,unverified,https://www.espn.com/soccer/match?gameId=502510,Unverified,,network_blocked:short_circuit,,
2018-08-11,2018,Sporting Kansas City,MLS,Banc of California / BMO Stadium,,,True,False,0,2,0,1,1,0,1,0,0,0,0,medium,,,unknown,unverified,https://www.espn.com/soccer/match/_/gameId/502482/sporting-kansas-city-lafc,Unverified,,network_blocked:short_circuit,,
2018-08-15,2018,Real Salt Lake,MLS,Banc of California / BMO Stadium,,22000,True,False,2,0,2,0,2,0,0,0,0,0,0,high,,,unknown,unverified,https://www.espn.com/soccer/match/_/gameId/502476 | https://www.rsl.com/news/real-salt-lake-drops-2-0-defeat-lafc,Unverified,,network_blocked:short_circuit,,
2018-08-19,2018,Colorado Rapids,MLS,Banc of California / BMO Stadium,,22000,True,False,2,0,0,0,0,2,0,0,0,0,0,high,,,unknown,unverified,https://www.espn.com/soccer/match?gameId=502467 | https://www.mlssoccer.com/post/2018/08/20/lafc-2-colorado-rapids-0-2018-mls-match-recap,Unverified,,network_blocked:short_circuit,,
2018-09-15,2018,New England Revolution,MLS,Banc of California / BMO Stadium,19:30,22000,True,False,1,1,0,0,0,1,1,0,0,0,0,high,,,unknown,unverified,https://www.espn.com/soccer/match?gameId=502425,Unverified,,network_blocked:short_circuit,,
2018-09-22,2018,San Jose Earthquakes,MLS,Banc of California / BMO Stadium,,,True,False,2,0,1,0,1,1,0,0,0,0,0,medium,,,unknown,unverified,https://www.sjearthquakes.com/news/recap-earthquakes-fall-lafc-road,Unverified,,network_blocked:short_circuit,,
2018-10-12,2018,Houston Dynamo,MLS,Banc of California / BMO Stadium,,22000,True,False,4,2,1,1,2,3,1,0,0,0,0,high,,,unknown,unverified,https://www.espn.com/soccer/match?gameId=502378,Unverified,,network_blocked:short_circuit,,
2018-10-21,2018,Vancouver Whitecaps,MLS,Banc of California / BMO Stadium,,22000,True,False,2,2,2,1,3,0,1,0,0,0,0,high,,,unknown,unverified,https://www.espn.com/soccer/match/_/gameId/502377,Unverified,,network_blocked:short_circuit,,
2018-11-01,2018,Real Salt Lake,MLS Playoffs,Banc of California / BMO Stadium,,22000,True,False,2,3,1,1,2,1,2,0,0,0,0,high,,,unknown,unverified,https://www.espn.com/soccer/match?gameId=528089 | https://www.rsl.com/news/real-salt-lake-ousts-lafc-3-2-advance-mls-cup-playoffs,Unverified,,network_blocked:short_circuit,,
2019-03-03,2019,Sporting Kansas City,MLS,Banc of California / BMO Stadium,20:30,22099,True,False,2,1,0,1,1,2,0,0,0,0,0,high,,,unknown,unverified,https://www.espn.com/soccer/match?gameId=532594,Unverified,,network_blocked:short_circuit,,
2019-03-10,2019,Portland Timbers,MLS,Banc of California / BMO Stadium,,,True,False,4,1,2,1,3,2,0,0,0,0,1,medium,Ebobisse minute (1H),,unknown,unverified,https://www.espn.com/soccer/match?gameId=533378,Unverified,,network_blocked:short_circuit,,
2019-03-23,2019,Real Salt Lake,MLS,Banc of California / BMO Stadium,,,True,False,2,1,1,1,2,1,0,0,0,0,0,medium,,,unknown,unverified,https://matchcenter.mlssoccer.com/matchcenter/2019-03-23-los-angeles-football-club-vs-real-salt-lake/recap,Unverified,,network_blocked:short_circuit,,
2019-04-13,2019,FC Cincinnati,MLS,Banc of California / BMO Stadium,,22323,True,False,2,0,1,0,1,1,0,0,0,0,0,high,,,unknown,unverified,https://www.espn.com/soccer/match?gameId=533329,Unverified,,network_blocked:short_circuit,,
2019-04-21,2019,Seattle Sounders,MLS,Banc of California / BMO Stadium,,,True,False,4,1,2,0,2,2,1,0,0,0,0,high,,,unknown,unverified,https://www.espn.com/soccer/report/_/gameId/533316,Unverified,,network_blocked:short_circuit,,
2019-05-04,2019,Chicago Fire,MLS,Banc of California / BMO Stadium,,,True,False,0,0,0,0,0,0,0,0,0,0,0,high,,,unknown,unverified,https://www.espn.com/soccer/match/_/gameId/533287/chicago-fire-fc-lafc,Unverified,,network_blocked:short_circuit,,
2019-05-16,2019,FC Dallas,MLS,Banc of California / BMO Stadium,,,True,False,2,0,1,0,1,1,0,0,0,0,0,high,,,unknown,unverified,https://www.mlssoccer.com/news/lafc-2-fc-dallas-0-2019-mls-match-recap,Unverified,,network_blocked:short_circuit,,
2019-05-24,2019,Montreal Impact,MLS,Banc of California / BMO Stadium,,,True,False,4,2,3,0,3,1,2,0,0,0,0,medium,,,unknown,unverified,https://www.espn.com/soccer/match/_/gameId/533250/cf-montreal-lafc,Unverified,,network_blocked:short_circuit,,
2019-07-06,2019,Vancouver Whitecaps,MLS,Banc of California / BMO Stadium,,22472,True,False,6,1,2,1,3,4,0,0,0,0,0,high,,,unknown,unverified,https://www.espn.com/soccer/report?gameId=533179,Unverified,,network_blocked:short_circuit,,
2019-07-26,2019,Atlanta United,MLS,Banc of California / BMO Stadium,,,True,False,4,3,4,2,6,0,1,0,0,0,0,high,,,unknown,unverified,https://www.espn.com/soccer/match?gameId=533136,Unverified,,network_blocked:short_circuit,,
2019-08-11,2019,New York Red Bulls,MLS,Banc of California / BMO Stadium,,,True,False,4,2,2,2,4,2,0,0,0,0,0,high,,,unknown,unverified,https://www.mlssoccer.com/news/los-angeles-football-club-4-new-york-red-bulls-2-2019-mls-match-recap,Unverified,,network_blocked:short_circuit,,
2019-08-21,2019,San Jose Earthquakes,MLS,Banc of California / BMO Stadium,,,True,False,4,0,3,0,3,1,0,0,0,0,0,high,,,unknown,unverified,https://www.espn.com/soccer/match?gameId=533089,Unverified,,network_blocked:short_circuit,,
2019-08-25,2019,LA Galaxy,MLS,Banc of California / BMO Stadium,,22757,True,False,3,3,2,3,5,1,0,0,0,0,0,high,,,unknown,unverified,https://www.espn.com/soccer/match/_/gameId/533077/la-galaxy-lafc,Unverified,,network_blocked:short_circuit,,
2019-09-01,2019,Minnesota United,MLS,Banc of California / BMO Stadium,,22143,True,False,0,2,0,2,2,0,0,0,0,0,0,medium,,summary text said HT 0-1 but both goals 25' and 29',unknown,unverified,https://www.espn.com/soccer/match/_/gameId/533064/minnesota-united-fc-lafc,Unverified,,network_blocked:short_circuit,,
2019-09-21,2019,Toronto FC,MLS,Banc of California / BMO Stadium,,22022,True,False,1,1,0,1,1,1,0,0,0,0,0,high,,,unknown,unverified,https://www.espn.com/soccer/match?gameId=533034,Unverified,,network_blocked:short_circuit,,
2019-09-25,2019,Houston Dynamo,MLS,Banc of California / BMO Stadium,,22103,True,False,3,1,1,1,2,2,0,0,0,0,0,high,,,unknown,unverified,https://www.espn.com/soccer/match?gameId=533024,Unverified,,network_blocked:short_circuit,,
2019-10-06,2019,Colorado Rapids,MLS,Banc of California / BMO Stadium,,,True,False,3,1,2,1,3,1,0,0,0,0,0,high,,,unknown,unverified,https://www.espn.com/soccer/match?gameId=533000,Unverified,,network_blocked:short_circuit,,
2019-10-24,2019,LA Galaxy,MLS Playoffs,Banc of California / BMO Stadium,,,True,False,5,3,2,1,3,3,2,0,0,0,1,medium,Diomande 2nd goal minute,,unknown,unverified,https://www.foxsports.com/soccer/mls-los-angeles-fc-vs-los-angeles-galaxy-oct-24-2019-game-boxscore-61132,Unverified,,network_blocked:short_circuit,,
2019-10-29,2019,Seattle Sounders,MLS Playoffs,Banc of California / BMO Stadium,,22099,True,False,1,3,1,2,3,0,1,0,0,0,0,high,,,unknown,unverified,https://www.espn.com/soccer/match/_/gameId/558276/seattle-sounders-fc-lafc,Unverified,,network_blocked:short_circuit,,
2020-03-01,2020,Inter Miami,MLS,Banc of California / BMO Stadium,14:30,,True,False,1,0,1,0,1,0,0,0,0,0,0,high,,,unknown,unverified,https://www.espn.com/soccer/match?gameId=560541,Unverified,,network_blocked:short_circuit,,
2020-03-08,2020,Philadelphia Union,MLS,Banc of California / BMO Stadium,,22112,True,False,3,3,1,1,2,2,2,0,0,0,0,high,,,unknown,unverified,https://www.espn.com/soccer/match/_/gameId/561813/philadelphia-union-lafc,Unverified,,network_blocked:short_circuit,,
2020-08-22,2020,LA Galaxy,MLS,Banc of California / BMO Stadium,,0,False,False,0,2,0,1,1,0,1,0,0,0,0,high,,,unknown,unverified,https://www.espn.com/soccer/match/_/gameId/577179,Unverified,,network_blocked:short_circuit,,
2020-09-02,2020,San Jose Earthquakes,MLS,Banc of California / BMO Stadium,,0,False,False,5,1,1,0,1,4,1,0,0,0,1,medium,SJ goal minute,,unknown,unverified,https://www.mlssoccer.com/news/lafc-5-san-jose-earthquakes-1-2020-mls-match-recap,Unverified,,network_blocked:short_circuit,,
2020-09-13,2020,Portland Timbers,MLS,Banc of California / BMO Stadium,,0,False,False,4,2,3,2,5,1,0,0,0,0,0,high,,,unknown,unverified,https://www.espn.com/soccer/match?gameId=577239,Unverified,,network_blocked:short_circuit,,
2020-09-23,2020,Vancouver Whitecaps,MLS,Banc of California / BMO Stadium,,0,False,False,6,0,,,,,,0,0,0,2,medium,"last two minutes, HT",,unknown,unverified,https://www.espn.com/soccer/match?gameId=584223,Unverified,,network_blocked:short_circuit,,
2020-09-27,2020,San Jose Earthquakes,MLS,Banc of California / BMO Stadium,,0,False,False,1,2,1,0,1,0,2,0,0,0,0,medium,,,unknown,unverified,https://www.mlssoccer.com/news/lafc-1-san-jose-earthquakes-2-2020-mls-match-recap,Unverified,,network_blocked:short_circuit,,
2020-10-11,2020,Seattle Sounders,MLS,Banc of California / BMO Stadium,,0,False,False,3,1,1,0,1,2,1,0,0,0,0,high,,,unknown,unverified,https://www.espn.com/soccer/match/_/gameId/585543,Unverified,,network_blocked:short_circuit,,
2020-10-25,2020,LA Galaxy,MLS,Banc of California / BMO Stadium,,0,False,False,2,0,0,0,0,2,0,1,0,1,0,high,,,unknown,unverified,https://www.espn.com/soccer/match?gameId=585530,Unverified,,network_blocked:short_circuit,,
2020-10-28,2020,Houston Dynamo,MLS,Banc of California / BMO Stadium,,0,False,False,2,1,2,0,2,0,1,1,0,1,0,high,,,unknown,unverified,https://www.espn.com/soccer/match/_/gameId/585574,Unverified,,network_blocked:short_circuit,,
2020-11-08,2020,Portland Timbers,MLS,Banc of California / BMO Stadium,,0,False,False,1,1,1,0,1,0,1,0,0,0,0,high,,,unknown,unverified,https://www.espn.com/soccer/match/_/gameId/585612/portland-timbers-lafc,Unverified,,network_blocked:short_circuit,,
2021-04-17,2021,Austin FC,MLS,Banc of California / BMO Stadium,18:00,4900,restricted,False,2,0,0,0,0,2,0,0,0,0,0,high,,,unknown,unverified,https://www.espn.com/soccer/match/_/gameId/596671/austin-fc-lafc,Unverified,,network_blocked:short_circuit,,
2021-04-24,2021,Seattle Sounders,MLS,Banc of California / BMO Stadium,,,restricted,False,1,1,1,0,1,0,1,0,0,0,0,high,,,unknown,unverified,https://www.espn.com/soccer/report/_/id/597716,Unverified,,network_blocked:short_circuit,,
2021-05-22,2021,Colorado Rapids,MLS,Banc of California / BMO Stadium,,,restricted,False,2,1,2,0,2,0,1,0,0,0,0,medium,,,unknown,unverified,https://www.espn.com/soccer/match/_/gameId/597770/colorado-rapids-lafc,Unverified,,network_blocked:short_circuit,,
2021-05-29,2021,New York City FC,MLS,Banc of California / BMO Stadium,,,restricted,False,1,2,0,0,0,1,2,0,0,0,0,high,,,unknown,unverified,https://www.espn.com/soccer/match/_/gameId/597781/new-york-city-fc-lafc,Unverified,,network_blocked:short_circuit,,
2021-06-19,2021,Houston Dynamo,MLS,Banc of California / BMO Stadium,,,True,False,1,1,0,0,0,1,1,0,0,0,0,high,,,unknown,unverified,https://www.espn.com/soccer/report?gameId=597788,Unverified,,network_blocked:short_circuit,,
2021-06-23,2021,FC Dallas,MLS,Banc of California / BMO Stadium,,,True,False,2,0,1,0,1,1,0,0,0,0,0,high,,,unknown,unverified,https://www.espn.com/soccer/match/_/gameId/597810,Unverified,,network_blocked:short_circuit,,
2021-07-17,2021,Real Salt Lake,MLS,Banc of California / BMO Stadium,,,True,False,2,1,1,1,2,1,0,0,0,0,0,high,,,unknown,unverified,https://www.espn.com/soccer/report/_/gameId/597859,Unverified,,network_blocked:short_circuit,,
2021-07-24,2021,Vancouver Whitecaps,MLS,Banc of California / BMO Stadium,,,True,False,2,2,1,2,3,1,0,0,0,0,0,high,,,unknown,unverified,https://www.espn.com/soccer/match/_/gameId/597882,Unverified,,network_blocked:short_circuit,,
2021-07-28,2021,Minnesota United,MLS,Banc of California / BMO Stadium,,,True,False,2,2,1,0,1,1,2,0,0,0,0,high,,,unknown,unverified,https://www.espn.com/soccer/match/_/gameId/597889/minnesota-united-fc-lafc,Unverified,,network_blocked:short_circuit,,
2021-08-04,2021,Sporting Kansas City,MLS,Banc of California / BMO Stadium,,,True,False,1,4,0,3,3,1,1,0,0,0,0,high,,,unknown,unverified,https://www.espn.com/soccer/match/_/gameId/597913/sporting-kansas-city-lafc,Unverified,,network_blocked:short_circuit,,
2021-08-28,2021,LA Galaxy,MLS,Banc of California / BMO Stadium,,,True,False,3,3,1,1,2,2,2,0,0,0,0,high,,,unknown,unverified,https://www.foxsports.com/soccer/mls-los-angeles-fc-vs-los-angeles-galaxy-aug-28-2021-game-boxscore-78832,Unverified,,network_blocked:short_circuit,,
2021-09-03,2021,Sporting Kansas City,MLS,Banc of California / BMO Stadium,,,True,False,4,0,2,0,2,2,0,1,0,1,1,low,"Fall 2nd goal minute, red minute, HT",,unknown,unverified,https://sports.yahoo.com/soccer/mls/sporting-kansas-city-los-angeles-fc-13586843/,Unverified,,network_blocked:short_circuit,,
2021-09-12,2021,Real Salt Lake,MLS,Banc of California / BMO Stadium,,,True,False,3,2,2,1,3,1,1,0,0,0,1,medium,Arango 2nd minute,,unknown,unverified,https://www.espn.com/soccer/report/_/gameId/598000,Unverified,,network_blocked:short_circuit,,
2021-09-29,2021,Portland Timbers,MLS,Banc of California / BMO Stadium,,,True,False,1,2,0,1,1,1,1,0,0,0,0,high,,,unknown,unverified,https://www.espn.com/soccer/match/_/gameId/598052,Unverified,,network_blocked:short_circuit,,
2021-10-16,2021,San Jose Earthquakes,MLS,Banc of California / BMO Stadium,,,True,False,3,1,2,0,2,1,1,0,0,0,0,high,,,unknown,unverified,https://www.mlssoccer.com/news/recap-lafc-3-san-jose-earthquakes-1,Unverified,,network_blocked:short_circuit,,
2021-10-26,2021,Seattle Sounders,MLS,Banc of California / BMO Stadium,,,True,False,3,0,2,0,2,1,0,0,0,0,0,high,,,unknown,unverified,https://www.espn.com/soccer/match/_/gameId/598105,Unverified,,network_blocked:short_circuit,,
2021-11-02,2021,Vancouver Whitecaps,MLS,Banc of California / BMO Stadium,,,True,False,1,1,1,1,2,0,0,0,0,0,0,medium,,,unknown,unverified,https://www.lafc.com/news/mls-recap-lafc-1-1-vancouver-whitecaps-11-2-21,Unverified,,network_blocked:short_circuit,,
2022-02-26,2022,Colorado Rapids,MLS,Banc of California / BMO Stadium,,,True,False,3,0,2,0,2,1,0,0,0,0,0,high,,,unknown,unverified,https://www.espn.com/soccer/match/_/gameId/622066/colorado-rapids-lafc,Unverified,,network_blocked:short_circuit,,
2022-03-06,2022,Portland Timbers,MLS,Banc of California / BMO Stadium,,,True,False,1,1,0,1,1,1,0,0,0,0,0,medium,,,unknown,unverified,https://www.angelsonparade.com/2022/3/6/22965006/lafc-1-portland-timbers-1-final-score-report-review-recap,Unverified,,network_blocked:short_circuit,,
2022-03-20,2022,Vancouver Whitecaps,MLS,Banc of California / BMO Stadium,,,True,False,3,1,2,1,3,1,0,0,0,0,0,high,,,unknown,unverified,https://www.espn.com/soccer/match/_/gameId/623219,Unverified,,network_blocked:short_circuit,,
2022-04-17,2022,Sporting Kansas City,MLS,Banc of California / BMO Stadium,,22097,True,False,3,1,,,,,,0,0,0,3,low,minutes,Tajouri 70' made it 2-1; Arango+Cifuentes+Palacios OG minutes unknown,unknown,unverified,https://www.mlssoccer.com/news/recap-lafc-3-sporting-kansas-city-1,Unverified,,network_blocked:short_circuit,,
2022-05-01,2022,Minnesota United,MLS,Banc of California / BMO Stadium,,,True,False,2,0,0,0,0,2,0,0,0,0,0,high,,,unknown,unverified,https://www.mlssoccer.com/news/recap-lafc-2-minnesota-united-fc-0,Unverified,,network_blocked:short_circuit,,
2022-05-07,2022,Philadelphia Union,MLS,Banc of California / BMO Stadium,,22022,True,False,2,2,0,1,1,2,1,0,0,0,0,high,,,unknown,unverified,https://www.espn.com/soccer/match/_/gameId/623302/philadelphia-union-lafc,Unverified,,network_blocked:short_circuit,,
2022-05-08,2022,Real Salt Lake,MLS,Banc of California / BMO Stadium,,,True,False,2,0,0,0,0,2,0,0,0,0,0,high,,,unknown,unverified,https://africa.espn.com/football/report/_/gameId/623572,Unverified,,network_blocked:short_circuit,,
2022-05-18,2022,Austin FC,MLS,Banc of California / BMO Stadium,,,True,False,1,2,0,1,1,1,1,0,0,0,0,high,,,unknown,unverified,https://www.espn.com/soccer/match/_/gameId/623329/austin-fc-lafc,Unverified,,network_blocked:short_circuit,,
2022-05-28,2022,San Jose Earthquakes,MLS,Banc of California / BMO Stadium,,22007,True,False,3,2,2,2,4,1,0,0,0,0,0,high,,,unknown,unverified,https://www.espn.com/soccer/match/_/gameId/623345/san-jose-earthquakes-lafc,Unverified,,network_blocked:short_circuit,,
2022-06-26,2022,New York Red Bulls,MLS,Banc of California / BMO Stadium,,,True,False,2,0,0,0,0,2,0,0,0,0,0,high,,,unknown,unverified,https://www.espn.com/soccer/match/_/gameId/623388/red-bull-new-york-lafc,Unverified,,network_blocked:short_circuit,,
2022-06-29,2022,FC Dallas,MLS,Banc of California / BMO Stadium,,,True,False,3,1,1,1,2,2,0,0,0,0,0,high,,,unknown,unverified,https://www.espn.com/soccer/match/_/gameId/623399/fc-dallas-lafc,Unverified,,network_blocked:short_circuit,,
2022-07-08,2022,LA Galaxy,MLS,Banc of California / BMO Stadium,,,True,False,3,2,1,0,1,2,2,0,0,0,0,high,,,unknown,unverified,https://www.foxsports.com/soccer/mls-los-angeles-fc-vs-los-angeles-galaxy-jul-08-2022-game-boxscore-91590,Unverified,,network_blocked:short_circuit,,
2022-07-29,2022,Seattle Sounders,MLS,Banc of California / BMO Stadium,,,True,False,2,1,2,1,3,0,0,0,0,0,0,high,,,unknown,unverified,https://www.espn.com/soccer/match/_/gameId/623467/seattle-sounders-fc-lafc,Unverified,,network_blocked:short_circuit,,
2022-08-13,2022,Charlotte FC,MLS,Banc of California / BMO Stadium,19:30,22140,True,False,5,0,0,0,0,5,0,0,0,0,0,high,,,unknown,unverified,https://www.espn.com/soccer/match/_/gameId/623512/charlotte-fc-lafc,Unverified,,network_blocked:short_circuit,,
2022-08-16,2022,D.C. United,MLS,Banc of California / BMO Stadium,,,True,False,1,0,0,0,0,1,0,1,0,1,0,high,,,unknown,unverified,https://www.espn.com/soccer/match/_/gameId/623520/dc-united-lafc,Unverified,,network_blocked:short_circuit,,
2022-09-18,2022,Houston Dynamo,MLS,Banc of California / BMO Stadium,,,True,False,3,1,2,1,3,1,0,0,0,0,0,high,,,unknown,unverified,https://www.lafc.com/news/recap-lafc-3-1-houston-dynamo-9-18-22,Unverified,,network_blocked:short_circuit,,
2022-10-09,2022,Nashville SC,MLS,Banc of California / BMO Stadium,,,True,False,0,1,0,0,0,0,1,0,0,0,0,high,,,unknown,unverified,https://www.espn.com/soccer/match/_/gameId/623632/nashville-sc-lafc,Unverified,,network_blocked:short_circuit,,
2022-10-20,2022,LA Galaxy,MLS Playoffs,Banc of California / BMO Stadium,,,True,False,3,2,1,1,2,2,1,0,0,0,0,high,,,unknown,unverified,https://www.espn.com/soccer/report?gameId=654693,Unverified,,network_blocked:short_circuit,,
2022-10-30,2022,Austin FC,MLS Playoffs,Banc of California / BMO Stadium,,22175,True,False,3,0,1,0,1,2,0,0,0,0,0,high,,,unknown,unverified,https://www.espn.com/soccer/match/_/gameId/655661/austin-fc-lafc,Unverified,,network_blocked:short_circuit,,
2022-11-05,2022,Philadelphia Union,MLS Cup Final,Banc of California / BMO Stadium,,,True,True,3,3,1,0,1,2,3,0,0,0,0,high,,ET goals excluded; LAFC won on pens,unknown,unverified,https://www.espn.com/soccer/match/_/gameId/655997/philadelphia-union-lafc,Unverified,,network_blocked:short_circuit,,
2023-03-04,2023,Portland Timbers,MLS,Banc of California / BMO Stadium,16:30,22202,True,False,3,2,2,0,2,1,2,0,0,0,1,medium,Evander minute,,unknown,unverified,https://www.espn.com/soccer/match/_/gameId/659590,Unverified,,network_blocked:short_circuit,,
2023-03-12,2023,New England Revolution,MLS,Banc of California / BMO Stadium,19:30,22007,True,False,4,0,1,0,1,3,0,0,0,0,0,high,,,unknown,unverified,https://www.espn.com/soccer/match/_/gameId/659617/new-england-revolution-lafc,Unverified,,network_blocked:short_circuit,,
2023-03-25,2023,FC Dallas,MLS,Banc of California / BMO Stadium,,22163,True,False,2,1,1,0,1,1,1,0,0,0,0,high,,,unknown,unverified,https://www.espn.com/soccer/match/_/gameId/659644/fc-dallas-lafc,Unverified,,network_blocked:short_circuit,,
2023-04-08,2023,Austin FC,MLS,Banc of California / BMO Stadium,,,True,False,3,0,1,0,1,2,0,0,0,0,0,high,,,unknown,unverified,https://www.lafc.com/news/recap-lafc-3-0-austin-fc-4-8-23,Unverified,,network_blocked:short_circuit,,
2023-05-17,2023,Sporting Kansas City,MLS,Banc of California / BMO Stadium,,,True,False,1,1,1,1,2,0,0,0,0,0,0,high,,,unknown,unverified,https://www.espn.com/soccer/match/_/gameId/659755/sporting-kansas-city-lafc,Unverified,,network_blocked:short_circuit,,
2023-05-20,2023,San Jose Earthquakes,MLS,Banc of California / BMO Stadium,,,True,False,2,1,1,0,1,1,1,0,0,0,0,medium,,,unknown,unverified,https://www.sjearthquakes.com/news/match-recap-earthquakes-vs-lafc-may-20-2023,Unverified,,network_blocked:short_circuit,,
2023-06-07,2023,Atlanta United,MLS,Banc of California / BMO Stadium,19:30,22010,True,False,0,0,0,0,0,0,0,0,0,0,0,high,,,unknown,unverified,https://www.espn.com/soccer/match/_/gameId/659811/atlanta-united-fc-lafc,Unverified,,network_blocked:short_circuit,,
2023-06-14,2023,Houston Dynamo,MLS,Banc of California / BMO Stadium,,,True,False,0,1,0,1,1,0,0,0,0,0,0,high,,,unknown,unverified,https://www.espn.com/soccer/report/_/gameId/659713,Unverified,,network_blocked:short_circuit,,
2023-06-21,2023,Seattle Sounders,MLS,Banc of California / BMO Stadium,,22125,True,False,1,0,1,0,1,0,0,0,0,0,0,high,,,unknown,unverified,https://www.espn.com/soccer/match/_/gameId/659842,Unverified,,network_blocked:short_circuit,,
2023-06-24,2023,Vancouver Whitecaps,MLS,Banc of California / BMO Stadium,19:30,22133,True,False,2,3,1,2,3,1,1,0,0,0,0,high,,,unknown,unverified,https://www.espn.com/soccer/match/_/gameId/659856/vancouver-whitecaps-lafc,Unverified,,network_blocked:short_circuit,,
2023-07-08,2023,San Jose Earthquakes,MLS,Banc of California / BMO Stadium,19:30,,True,False,1,1,1,1,2,0,0,1,0,1,0,medium,,,unknown,unverified,https://www.espn.com/soccer/report/_/gameId/659891,Unverified,,network_blocked:short_circuit,,
2023-07-12,2023,St. Louis City,MLS,Banc of California / BMO Stadium,19:30,22010,True,False,3,0,0,0,0,3,0,0,0,0,0,high,,,unknown,unverified,https://www.espn.com/soccer/match?gameId=659795,Unverified,,network_blocked:short_circuit,,
2023-08-23,2023,Colorado Rapids,MLS,Banc of California / BMO Stadium,,,True,False,4,0,3,0,3,1,0,0,0,0,0,high,,,unknown,unverified,https://www.espn.com/soccer/report/_/gameId/659926,Unverified,,network_blocked:short_circuit,,
2023-09-03,2023,Inter Miami,MLS,Banc of California / BMO Stadium,,,True,False,1,3,0,1,1,1,2,0,0,0,0,high,,,unknown,unverified,https://www.espn.com/soccer/match/_/gameId/659966/inter-miami-cf-lafc,Unverified,,network_blocked:short_circuit,,
2023-09-16,2023,LA Galaxy,MLS,Banc of California / BMO Stadium,,22132,True,False,4,2,2,1,3,2,1,0,0,0,0,high,,,unknown,unverified,https://www.lafc.com/news/recap-lafc-4-2-la-galaxy-9-16-23,Unverified,,network_blocked:short_circuit,,
2023-10-01,2023,Real Salt Lake,MLS,Banc of California / BMO Stadium,,,True,False,0,1,0,0,0,0,1,0,0,0,0,high,,,unknown,unverified,https://www.foxsports.com/soccer/mls-los-angeles-fc-vs-real-salt-lake-oct-01-2023-game-boxscore-113402,Unverified,,network_blocked:short_circuit,,
2023-10-04,2023,Minnesota United,MLS,Banc of California / BMO Stadium,,22041,True,False,5,1,3,1,4,2,0,0,0,0,0,high,,,unknown,unverified,https://www.espn.com/soccer/match/_/gameId/660038/minnesota-united-fc-lafc,Unverified,,network_blocked:short_circuit,,
2023-10-28,2023,Vancouver Whitecaps,MLS Playoffs,Banc of California / BMO Stadium,,,True,False,5,2,2,2,4,3,0,0,0,0,0,high,,,unknown,unverified,https://www.espn.com/soccer/match/_/gameId/689607/vancouver-whitecaps-lafc,Unverified,,network_blocked:short_circuit,,
2023-12-02,2023,Houston Dynamo,MLS Playoffs,Banc of California / BMO Stadium,,,True,False,2,0,1,0,1,1,0,0,0,0,0,high,,,unknown,unverified,https://www.espn.com/soccer/match/_/gameId/690411/houston-dynamo-fc-lafc,Unverified,,network_blocked:short_circuit,,
2024-02-24,2024,Seattle Sounders,MLS,Banc of California / BMO Stadium,13:45,22214,True,False,2,1,1,0,1,1,1,0,0,0,0,high,,,unknown,unverified,https://www.foxsports.com/soccer/mls-los-angeles-fc-vs-seattle-sounders-fc-feb-24-2024-game-boxscore-132993,Unverified,,network_blocked:short_circuit,,
2024-03-09,2024,Sporting Kansas City,MLS,Banc of California / BMO Stadium,,,True,False,0,0,0,0,0,0,0,0,0,0,0,high,,,unknown,unverified,https://www.espn.com/soccer/match/_/gameId/692642/sporting-kansas-city-lafc,Unverified,,network_blocked:short_circuit,,
2024-03-23,2024,Nashville SC,MLS,Banc of California / BMO Stadium,,22030,True,False,5,0,2,0,2,3,0,1,0,1,0,high,,,unknown,unverified,https://www.espn.com/soccer/match/_/gameId/692672/nashville-sc-lafc,Unverified,,network_blocked:short_circuit,,
2024-04-20,2024,New York Red Bulls,MLS,Banc of California / BMO Stadium,,,True,False,2,2,0,1,1,2,1,0,0,0,0,high,,,unknown,unverified,https://www.espn.com/soccer/match/_/gameId/692728/new-york-red-bulls-lafc,Unverified,,network_blocked:short_circuit,,
2024-04-27,2024,Portland Timbers,MLS,Banc of California / BMO Stadium,,,True,False,3,2,2,0,2,1,2,1,0,1,0,high,,,unknown,unverified,https://www.espn.com/soccer/match/_/gameId/692743/portland-timbers-lafc,Unverified,,network_blocked:short_circuit,,
2024-05-11,2024,Vancouver Whitecaps,MLS,Banc of California / BMO Stadium,,22099,True,False,3,0,2,0,2,1,0,0,0,0,0,high,,,unknown,unverified,https://www.espn.com/soccer/match/_/gameId/692769/vancouver-whitecaps-lafc,Unverified,,network_blocked:short_circuit,,
2024-05-29,2024,Minnesota United,MLS,Banc of California / BMO Stadium,,,True,False,2,0,1,0,1,1,0,0,0,0,0,high,,,unknown,unverified,https://www.espn.com/soccer/match/_/gameId/692824/minnesota-united-fc-lafc,Unverified,,network_blocked:short_circuit,,
2024-06-01,2024,FC Dallas,MLS,Banc of California / BMO Stadium,,22105,True,False,1,0,0,0,0,1,0,0,0,0,0,high,,,unknown,unverified,https://www.espn.com/soccer/match/_/gameId/692838/fc-dallas-lafc,Unverified,,network_blocked:short_circuit,,
2024-06-22,2024,San Jose Earthquakes,MLS,Banc of California / BMO Stadium,,,True,False,6,2,4,1,5,2,1,0,0,0,0,high,,,unknown,unverified,https://www.espn.com/soccer/match/_/gameId/692883/san-jose-earthquakes-lafc,Unverified,,network_blocked:short_circuit,,
2024-06-29,2024,Colorado Rapids,MLS,Banc of California / BMO Stadium,,,True,False,3,0,1,0,1,2,0,0,0,0,0,high,,,unknown,unverified,https://www.espn.com/soccer/match/_/gameId/692898/colorado-rapids-lafc,Unverified,,network_blocked:short_circuit,,
2024-07-13,2024,Columbus Crew,MLS,Banc of California / BMO Stadium,,,True,False,1,5,0,1,1,1,4,2,2,0,2,medium,minutes,,unknown,unverified,https://www.espn.com/soccer/match/_/gameId/692937/columbus-crew-lafc,Unverified,,network_blocked:short_circuit,,
2024-07-17,2024,Real Salt Lake,MLS,Banc of California / BMO Stadium,,,True,False,1,1,1,1,2,0,0,0,0,0,0,high,,,unknown,unverified,https://www.foxsports.com/soccer/mls-los-angeles-fc-vs-real-salt-lake-jul-17-2024-game-boxscore-133330,Unverified,,network_blocked:short_circuit,,
2024-08-31,2024,Houston Dynamo,MLS,Banc of California / BMO Stadium,,,True,False,0,2,,,,,,0,0,0,2,low,minutes,,unknown,unverified,https://www.lafc.com/news/recap-lafc-0-2-houston-dynamo-8-31-24,Unverified,,network_blocked:short_circuit,,
2024-09-18,2024,Austin FC,MLS,Banc of California / BMO Stadium,,22000,True,False,1,1,0,1,1,1,0,0,0,0,0,high,,,unknown,unverified,https://www.espn.com/soccer/match/_/gameId/693026/austin-fc-lafc,Unverified,,network_blocked:short_circuit,,
2024-09-25,2024,Sporting Kansas City,US Open Cup,Banc of California / BMO Stadium,,,True,True,1,1,0,0,0,1,1,0,0,0,0,high,,"USOC final; LAFC 3-1 aet (Campos 102, Kamara 109)",unknown,unverified,https://www.espn.com/soccer/match/_/gameId/720105/sporting-kansas-city-lafc,Unverified,,network_blocked:short_circuit,,
2024-10-02,2024,St. Louis City,MLS,Banc of California / BMO Stadium,,,True,False,1,0,1,0,1,0,0,0,0,0,0,high,,,unknown,unverified,https://www.espn.com/soccer/match/_/gameId/693068,Unverified,,network_blocked:short_circuit,,
2024-10-19,2024,San Jose Earthquakes,MLS,Banc of California / BMO Stadium,,,True,False,3,1,0,1,1,3,0,0,0,0,0,high,,,unknown,unverified,https://www.espn.com/soccer/match/_/gameId/693092/san-jose-earthquakes-lafc,Unverified,,network_blocked:short_circuit,,
2024-10-27,2024,Vancouver Whitecaps,MLS Playoffs,Banc of California / BMO Stadium,18:45,22298,True,False,2,1,1,0,1,1,1,0,0,0,0,high,,,unknown,unverified,https://www.espn.com/soccer/match/_/gameId/722588/vancouver-whitecaps-lafc,Unverified,,network_blocked:short_circuit,,
2024-11-08,2024,Vancouver Whitecaps,MLS Playoffs,Banc of California / BMO Stadium,,,True,False,1,0,0,0,0,1,0,0,0,0,0,high,,,unknown,unverified,https://www.espn.com/soccer/match/_/gameId/722590/vancouver-whitecaps-lafc,Unverified,,network_blocked:short_circuit,,
2024-11-23,2024,Seattle Sounders,MLS Playoffs,Banc of California / BMO Stadium,,,True,True,1,1,0,0,0,1,1,0,0,0,0,high,,Seattle won 2-1 aet (Morris 109),unknown,unverified,https://www.mlssoccer.com/news/seattle-sounders-stun-lafc-to-reach-western-conference-final,Unverified,,network_blocked:short_circuit,,
2025-02-22,2025,Minnesota United,MLS,Banc of California / BMO Stadium,,22310,True,False,1,0,0,0,0,1,0,0,0,0,0,high,,,unknown,unverified,https://www.espn.com/soccer/match/_/gameId/726800/minnesota-united-fc-lafc,Unverified,,network_blocked:short_circuit,,
2025-03-01,2025,New York City FC,MLS,Banc of California / BMO Stadium,19:30,,True,False,1,0,0,0,0,1,0,0,0,0,0,high,,,unknown,unverified,https://www.espn.com/soccer/match/_/gameId/726825/new-york-city-fc-lafc,Unverified,,network_blocked:short_circuit,,
2025-03-15,2025,Austin FC,MLS,Banc of California / BMO Stadium,,,True,False,0,1,0,1,1,0,0,0,0,0,0,high,,,unknown,unverified,https://www.espn.com/football/match/_/gameId/726846/austin-fc-lafc,Unverified,,network_blocked:short_circuit,,
2025-04-12,2025,San Jose Earthquakes,MLS,Banc of California / BMO Stadium,,22110,True,False,2,1,0,0,0,2,1,0,0,0,0,high,,,unknown,unverified,https://www.espn.com/soccer/match/_/gameId/726913/san-jose-earthquakes-lafc,Unverified,,network_blocked:short_circuit,,
2025-04-27,2025,St. Louis City,MLS,Banc of California / BMO Stadium,,,True,False,2,2,0,0,0,2,2,0,0,0,0,medium,,,unknown,unverified,https://www.espn.com/soccer/match/_/gameId/726947/st-louis-city-sc-lafc,Unverified,,network_blocked:short_circuit,,
2025-05-03,2025,Houston Dynamo,MLS,Banc of California / BMO Stadium,,,True,False,2,0,1,0,1,1,0,0,0,0,0,high,,,unknown,unverified,https://www.espn.com/soccer/match/_/gameId/726960/houston-dynamo-fc-lafc,Unverified,,network_blocked:short_circuit,,
2025-05-14,2025,Seattle Sounders,MLS,Banc of California / BMO Stadium,19:30,22120,True,False,4,0,1,0,1,3,0,0,0,0,0,high,,,unknown,unverified,https://www.lafc.com/news/recap-lafc-vs-seattle-sounders-2025-mls-season-may-14,Unverified,,network_blocked:short_circuit,,
2025-06-08,2025,Sporting Kansas City,MLS,Banc of California / BMO Stadium,,,True,False,3,1,1,1,2,2,0,0,0,0,0,high,,,unknown,unverified,https://www.espn.com/soccer/match/_/gameId/727034/sporting-kansas-city-lafc,Unverified,,network_blocked:short_circuit,,
2025-06-29,2025,Vancouver Whitecaps,MLS,Banc of California / BMO Stadium,18:30,22000,True,False,0,1,0,1,1,0,0,0,0,0,0,high,,,unknown,unverified,https://www.lafc.com/news/recap-lafc-vs-vancouver-whitecaps-2025-mls-season-june-29,Unverified,,network_blocked:short_circuit,,
2025-07-09,2025,Colorado Rapids,MLS,Banc of California / BMO Stadium,,,True,False,3,0,1,0,1,2,0,1,0,1,0,high,,,unknown,unverified,https://www.espn.com/soccer/match/_/gameId/727046/colorado-rapids-lafc,Unverified,,network_blocked:short_circuit,,
2025-07-12,2025,FC Dallas,MLS,Banc of California / BMO Stadium,,,True,False,2,0,2,0,2,0,0,0,0,0,1,medium,pen minute,,unknown,unverified,https://www.espn.com/soccer/match/_/gameId/727124/fc-dallas-lafc,Unverified,,network_blocked:short_circuit,,
2025-07-19,2025,LA Galaxy,MLS,Banc of California / BMO Stadium,19:30,22301,True,False,3,3,2,1,3,1,2,1,1,0,2,medium,2H minutes,,unknown,unverified,https://www.espn.com/soccer/match/_/gameId/727151/la-galaxy-lafc,Unverified,,network_blocked:short_circuit,,
2025-07-25,2025,Portland Timbers,MLS,Banc of California / BMO Stadium,,,True,False,0,1,0,1,1,0,0,0,0,0,0,medium,,,unknown,unverified,https://www.timbers.com/news/recap-portland-timbers-smash-and-grab-a-1-0-road-win-over-lafc,Unverified,,network_blocked:short_circuit,,
2025-08-31,2025,San Diego FC,MLS,Banc of California / BMO Stadium,,,True,False,1,2,1,1,2,0,1,0,0,0,1,medium,Dreyer minute,,unknown,unverified,https://www.lafc.com/news/recap-lafc-1-2-san-diego-fc-2025-mls-season-august-31,Unverified,,network_blocked:short_circuit,,
2025-09-21,2025,Real Salt Lake,MLS,Banc of California / BMO Stadium,,,True,False,4,1,2,1,3,2,0,0,0,0,1,medium,Bouanga 1st minute,,unknown,unverified,https://www.lafc.com/news/recap-lafc-4-1-rsl-2025-mls-season-september-21,Unverified,,network_blocked:short_circuit,,
2025-10-05,2025,Atlanta United,MLS,Banc of California / BMO Stadium,19:30,,True,False,1,0,0,0,0,1,0,0,0,0,0,high,,,unknown,unverified,https://www.lafc.com/news/recap-lafc-vs-atlanta-united-2025-mls-season-october-5,Unverified,,network_blocked:short_circuit,,
2025-10-08,2025,Toronto FC,MLS,Banc of California / BMO Stadium,19:30,,True,False,2,0,1,0,1,1,0,0,0,0,0,high,,,unknown,unverified,https://www.espn.com/soccer/match/_/gameId/727055/toronto-fc-lafc,Unverified,,network_blocked:short_circuit,,
2025-10-29,2025,Austin FC,MLS Playoffs,Banc of California / BMO Stadium,,,True,False,2,1,1,0,1,1,1,0,0,0,0,high,,,unknown,unverified,https://www.espn.com/soccer/match/_/gameId/760082/austin-fc-lafc,Unverified,,network_blocked:short_circuit,,
2026-03-07,2026,FC Dallas,MLS,Banc of California / BMO Stadium,,,True,False,1,0,0,0,0,1,0,0,0,0,0,high,,,unknown,unverified,https://www.espn.com/soccer/report/_/gameId/761480,Unverified,,network_blocked:short_circuit,,
2026-03-14,2026,St. Louis City,MLS,Banc of California / BMO Stadium,,,True,False,2,0,0,0,0,2,0,0,0,0,0,high,,,unknown,unverified,https://www.lafc.com/news/recap-lafc-2-0-st-louis-city-sc-2026-mls-season,Unverified,,network_blocked:short_circuit,,
2026-04-04,2026,Orlando City,MLS,Banc of California / BMO Stadium,,,True,False,6,0,5,0,5,1,0,0,0,0,0,high,,,unknown,unverified,https://www.espn.com/soccer/match/_/gameId/761525/orlando-city-sc-lafc,Unverified,,network_blocked:short_circuit,,
2026-04-19,2026,San Jose Earthquakes,MLS,Banc of California / BMO Stadium,,,True,False,1,4,0,0,0,1,4,0,0,0,1,medium,LAFC goal minute,,unknown,unverified,https://www.espn.com/soccer/report/_/gameId/761558,Unverified,,network_blocked:short_circuit,,
2026-04-22,2026,Colorado Rapids,MLS,Banc of California / BMO Stadium,,,True,False,0,0,0,0,0,0,0,0,0,0,0,high,,,unknown,unverified,https://www.lafc.com/news/recap-lafc-0-0-colorado-rapids-2026-mls-season-april-22,Unverified,,network_blocked:short_circuit,,
2026-05-10,2026,Houston Dynamo,MLS,Banc of California / BMO Stadium,18:00,,True,False,1,4,1,2,3,0,2,0,0,0,0,high,,,unknown,unverified,https://www.espn.com/soccer/match/_/gameId/761614,Unverified,,network_blocked:short_circuit,,
2026-07-22,2026,Real Salt Lake,MLS,Banc of California / BMO Stadium,,,True,False,3,1,2,0,2,1,1,0,0,0,0,high,,,unknown,unverified,https://www.espn.com/soccer/match/_/gameId/761679,Unverified,,network_blocked:short_circuit,,
2026-07-25,2026,Sporting Kansas City,MLS,Banc of California / BMO Stadium,18:30,22018,True,False,4,0,3,0,3,1,0,0,0,0,0,high,,,unknown,unverified,https://www.espn.com/soccer/report/_/gameId/761694,Unverified,,network_blocked:short_circuit,,
2026-08-15,2026,San Diego FC,MLS,Banc of California / BMO Stadium,,,True,False,0,1,0,0,0,0,1,0,0,0,0,high,,,unknown,unverified,https://www.espn.com/soccer/match/_/gameId/761720/san-diego-fc-lafc,Unverified,,network_blocked:short_circuit,,
2026-08-22,2026,Portland Timbers,MLS,Banc of California / BMO Stadium,,,True,False,1,1,0,1,1,1,0,0,0,0,0,high,,,unknown,unverified,https://www.espn.com/soccer/match/_/gameId/761751/portland-timbers-lafc,Unverified,,network_blocked:short_circuit,,
2026-09-09,2026,New York Red Bulls,MLS,Banc of California / BMO Stadium,19:30,,True,False,2,0,1,0,1,1,0,0,0,0,0,high,,,unknown,unverified,https://www.espn.com/soccer/match/_/gameId/761795/new-york-red-bulls-lafc,Unverified,,network_blocked:short_circuit,,
